,end_date,Name,Market value,Share,symbol,revenues_x,op_income_x,net_income_x,eps_basic_x,eps_diluted_x,dividend_x,assets_x,cur_assets_x,cur_liab_x,cash_x,equity_x,cash_flow_op_x,cash_flow_inv_x,cash_flow_fin_x
20,201403,ADOBE SYS INC,433906,6600334,ADBE,1000120000.0,78746000.0,47046000.0,0.09,0.09,0.0,10245882000.0,3942391000.0,2112347000.0,733916000.0,6610883000.0,251673000.0,-94422000.0,-258209000.0
17,201406,ADOBE SYS INC,860323,11889484,ADBE,1068208000.0,135258000.0,88527000.0,0.18,0.17,0.0,10372199000.0,4114343000.0,2217972000.0,817020000.0,6636888000.0,619209000.0,-242354000.0,-394136000.0
18,201409,ADOBE SYS INC,793402,11467010,ADBE,1005409000.0,74176000.0,44686000.0,0.09,0.09,0.0,10493680000.0,4279468000.0,2245248000.0,903329000.0,6731260000.0,887729000.0,-412748000.0,-403930000.0
24,201412,ADOBE SYS INC,885431257,12179247,ADBE,4147065000.0,412685000.0,268395000.0,0.54,0.53,0.0,10785829000.0,4602328000.0,2494435000.0,1117400000.0,6775905000.0,1287482000.0,-490707000.0,-507283000.0
22,201503,ADOBE SYS INC,890636,12045393,ADBE,1109181000.0,173025000.0,84888000.0,0.17,0.17,0.0,11008422000.0,3972159000.0,1788160000.0,712884000.0,6589020000.0,183015000.0,-698371000.0,119275000.0
28,201506,ADOBE SYS INC,750512,9264439,ADBE,1162158000.0,193617000.0,147493000.0,0.3,0.29,0.0,11165383000.0,4178397000.0,1937033000.0,956147000.0,6610103000.0,654499000.0,-737280000.0,-66827000.0
26,201509,ADOBE SYS INC,510522,6209219,ADBE,1217768000.0,246019000.0,174465000.0,0.35,0.34,0.0,11508395000.0,4525888000.0,2060814000.0,829292000.0,6841332000.0,1014987000.0,-1202371000.0,-85537000.0
15,201512,ADOBE SYS INC,376905,4012185,ADBE,4795511000.0,903095000.0,629551000.0,1.26,1.24,0.0,11726472000.0,4821892000.0,2213556000.0,876560000.0,7001580000.0,1469502000.0,-1488358000.0,-200687000.0
463,201603,ADBOE SYS INC,475858,5073108,ADBE,1383335000.0,307758000.0,254307000.0,0.51,0.5,0.0,11896682000.0,4935390000.0,2231806000.0,830696000.0,7081202000.0,497527000.0,-258842000.0,-284392000.0
19,201606,ADOBE SYS INC,478800,4998438,ADBE,1398709000.0,344239000.0,244074000.0,0.49,0.48,0.0,12216783000.0,5238564000.0,2385590000.0,886379000.0,7248611000.0,986242000.0,-510347000.0,-465280000.0
21,201609,ADOBE SYS INC,501235,4617977,ADBE,1463967000.0,369325000.0,270788000.0,0.54,0.54,0.0,12367441000.0,5418710000.0,2505666000.0,767672000.0,7277946000.0,1504127000.0,-816935000.0,-790237000.0
23,201612,ADOBE SYS INC,517591,5027599,ADBE,5854430000.0,1493602000.0,1168782000.0,2.35,2.32,0.0,12707114000.0,5839774000.0,2811635000.0,1011315000.0,7424835000.0,2199728000.0,-960033000.0,-1090706000.0
30,201703,ADOBE SYS INC,626523,4814596,ADBE,1681646000.0,468999000.0,398446000.0,0.81,0.8,0.0,13044783000.0,5755562000.0,2954069000.0,1068896000.0,7588690000.0,730370000.0,-338882000.0,-331495000.0
13,201706,ADOBE SYS INC,556127,3931896,ADBE,1772190000.0,504082000.0,374390000.0,0.76,0.75,0.0,13364900000.0,6052197000.0,3047896000.0,1316950000.0,7803998000.0,1375197000.0,-426429000.0,-645927000.0
29,201709,ADOBE SYS INC,586560,3931896,ADBE,1841074000.0,545674000.0,419569000.0,0.85,0.84,0.0,13906815000.0,6581057000.0,3216144000.0,1774550000.0,8170434000.0,2079633000.0,-463243000.0,-864226000.0
16,201712,ADOBE SYS INC,1014732,5790528,ADBE,7301505000.0,2168095000.0,1693954000.0,3.43,3.38,0.0,14535556000.0,7247813000.0,3527457000.0,2306072000.0,8459869000.0,2912853000.0,-442877000.0,-1183735000.0
25,201803,ADOBE SYS INC,1220707,5649328,ADBE,2078947000.0,702733000.0,583076000.0,1.18,1.17,0.0,14973485000.0,7480814000.0,3536469000.0,2666981000.0,8634028000.0,989601000.0,-93762000.0,-541273000.0
27,201806,ADOBE SYS INC,1086506,4456362,ADBE,2195360000.0,698484000.0,663167000.0,1.35,1.33,0.0,15163404000.0,7741444000.0,3728956000.0,2987986000.0,8705583000.0,1966007000.0,-26083000.0,-1258638000.0
14,201809,ADOBE SYS INC,1464417,5424771,ADBE,2291076000.0,718606000.0,666291000.0,1.36,1.34,0.0,15395620000.0,6300913000.0,3792027000.0,1747144000.0,8861925000.0,2921311000.0,-1546417000.0,-1930299000.0
773,201812,ADOBE INC,1160113,5127799,ADBE,,,,,,,,,,,,,,
772,201903,ADOBE INC,1206720,4528199,ADBE,,,,,,,,,,,,,,
478,201309,AMAZON COM INC,241901,773737,AMZN,17092000000.0,-25000000.0,-41000000.0,-0.09,-0.09,0.0,31861000000.0,17334000000.0,16135000000.0,3872000000.0,9087000000.0,1388000000.0,-1063000000.0,-230000000.0
477,201509,AMAZON COM INC,991532,1937002,AMZN,25358000000.0,406000000.0,79000000.0,0.17,0.17,0.0,56230000000.0,28849000000.0,26657000000.0,10709000000.0,12430000000.0,2610000000.0,-1377000000.0,-730000000.0
469,201512,AMAZON COM INC,1491860,2207252,AMZN,107006000000.0,2233000000.0,596000000.0,1.28,1.25,0.0,65444000000.0,36474000000.0,33899000000.0,15890000000.0,13384000000.0,11920000000.0,-6450000000.0,-3763000000.0
467,201603,AMAZON COM INC,1179187,1986368,AMZN,29128000000.0,1071000000.0,513000000.0,1.09,1.07,0.0,61128000000.0,30513000000.0,28187000000.0,12470000000.0,14756000000.0,-2160000000.0,-693000000.0,-789000000.0
472,201606,AMAZON COM INC,1176385,1643868,AMZN,30404000000.0,1285000000.0,857000000.0,1.81,1.78,0.0,65076000000.0,32220000000.0,29587000000.0,12521000000.0,16538000000.0,3465000000.0,-2439000000.0,-1039000000.0
473,201609,AMAZON COM INC,1082414,1292728,AMZN,32714000000.0,575000000.0,252000000.0,0.53,0.52,0.0,70897000000.0,35609000000.0,33498000000.0,13656000000.0,17782000000.0,4486000000.0,-2570000000.0,-827000000.0
474,201612,AMAZON COM INC,969378,1292728,AMZN,135987000000.0,4186000000.0,2371000000.0,5.01,4.9,0.0,83402000000.0,45781000000.0,43816000000.0,19334000000.0,19285000000.0,16443000000.0,-9876000000.0,-2911000000.0
471,201712,AMAZON COM INC,900487,769996,AMZN,177866000000.0,4106000000.0,3033000000.0,6.32,6.15,0.0,131310000000.0,60197000000.0,57883000000.0,20522000000.0,27709000000.0,18434000000.0,-27819000000.0,9860000000.0
476,201803,AMAZON COM INC,836267,577796,AMZN,51042000000.0,1927000000.0,1629000000.0,3.36,3.27,0.0,126362000000.0,50829000000.0,48045000000.0,16676000000.0,31463000000.0,-1791000000.0,-533000000.0,-2164000000.0
479,201806,AMAZON COM INC,721912,424704,AMZN,52886000000.0,2983000000.0,2534000000.0,5.21,5.07,0.0,134100000000.0,54481000000.0,50801000000.0,19823000000.0,34995000000.0,7449000000.0,-2692000000.0,-1394000000.0
468,201809,AMAZON COM INC,698674,348814,AMZN,56576000000.0,3724000000.0,2883000000.0,5.91,5.75,0.0,143695000000.0,59885000000.0,55324000000.0,20425000000.0,39125000000.0,8588000000.0,-5572000000.0,-2369000000.0
475,201812,AMAZON COM INC,1113953,741661,AMZN,,,,,,,,,,,,,,
470,201903,AMAZON COM INC,1160445,651661,AMZN,,,,,,,,,,,,,,
174,201406,ARISTA NETWORKS INC,33012,529120,ANET,137947000.0,30655000.0,14212000.0,0.37,0.34,0.0,642778000.0,562676000.0,97694000.0,397198000.0,461186000.0,63946000.0,-4539000.0,224064000.0
175,201409,ARISTA NETWORKS INC,63799,722282,ANET,155463000.0,33874000.0,21185000.0,0.34,0.3,0.0,691883000.0,588351000.0,101796000.0,408596000.0,492922000.0,98704000.0,-26200000.0,222508000.0
180,201412,ARISTA NETWORKS INC,80546251,1325646,ANET,584106000.0,125513000.0,68889000.0,1.42,1.29,0.0,811023000.0,679479000.0,144373000.0,240031000.0,555658000.0,131875000.0,-249362000.0,243978000.0
181,201412,ARISTA NETWORKS INC,80546251,1325646,ANET,584106000.0,125513000.0,68889000.0,1.42,1.29,0.0,811023000.0,679479000.0,144373000.0,240031000.0,555658000.0,114516000.0,-249362000.0,261337000.0
179,201503,ARISTA NETWORKS INC,105148,1490825,ANET,179045000.0,35755000.0,24032000.0,0.37,0.34,0.0,875092000.0,736044000.0,148331000.0,275186000.0,610471000.0,20767000.0,-5803000.0,20231000.0
187,201506,ARISTA NETWORKS INC,154973,1895925,ANET,195552000.0,32859000.0,23607000.0,0.36,0.33,0.0,990839000.0,850212000.0,202498000.0,342958000.0,665542000.0,73373000.0,-9473000.0,39047000.0
186,201509,ARISTA NETWORKS INC,133145,2175925,ANET,217548000.0,31297000.0,28301000.0,0.42,0.39,0.0,1072892000.0,921100000.0,224966000.0,418500000.0,723174000.0,84022000.0,39444000.0,55270000.0
173,201512,ARISTA NETWORKS INC,169374,2175925,ANET,837591000.0,149308000.0,119115000.0,1.81,1.67,0.0,1159890000.0,974328000.0,235011000.0,687326000.0,788152000.0,200533000.0,184170000.0,63105000.0
171,201603,ARISTA NETWORKS INC,118089,1871465,ANET,242196000.0,49735000.0,34921000.0,0.52,0.48,0.0,1209947000.0,1023133000.0,214264000.0,710663000.0,849857000.0,71116000.0,-60270000.0,12448000.0
177,201606,ARISTA NETWORKS INC,120485,1871465,ANET,268741000.0,53158000.0,38617000.0,0.57,0.53,0.0,1334988000.0,1142054000.0,263439000.0,531058000.0,916832000.0,126029000.0,-308177000.0,25939000.0
37,201703,ARISTA NETWORKS INC,167710,1267936,ANET,335475000.0,73418000.0,82694000.0,1.16,1.07,0.0,1939598000.0,1736825000.0,532513000.0,746567000.0,1228374000.0,162862000.0,-2920000.0,18518000.0
35,201706,ARISTA NETWORKS INC,276458,1845638,ANET,405211000.0,116634000.0,102454000.0,1.42,1.3,0.0,2162940000.0,1949189000.0,610797000.0,823475000.0,1357749000.0,242095000.0,-12930000.0,25976000.0
9,201509,ACTIVISION BLIZZARD INC,287084,9293749,ATVI,990000000.0,196000000.0,125000000.0,0.17,0.17,0.0,14302000000.0,6309000000.0,1610000000.0,4365000000.0,7989000000.0,163000000.0,-239000000.0,-139000000.0
2,201512,ACTIVISION BLIZZARD INC,436108,11266018,ATVI,4664000000.0,1319000000.0,881000000.0,1.21,1.19,0.23,15251000000.0,3387000000.0,2611000000.0,1823000000.0,8068000000.0,1192000000.0,-3716000000.0,-135000000.0
4,201606,ACTIVISION BLIZZARD INC,407916,10293113,ATVI,1570000000.0,232000000.0,126000000.0,0.17,0.17,0.0,16607000000.0,3420000000.0,2191000000.0,2271000000.0,8554000000.0,52000000.0,-1113000000.0,-52000000.0
5,201609,ACTIVISION BLIZZARD INC,765928,17289564,ATVI,1568000000.0,294000000.0,198000000.0,0.27,0.26,0.0,18380000000.0,5334000000.0,3701000000.0,4029000000.0,8818000000.0,1296000000.0,-1150000000.0,2083000000.0
6,201612,ACTIVISION BLIZZARD INC,745619,20648534,ATVI,6608000000.0,1412000000.0,962000000.0,1.3,1.28,0.26,17452000000.0,4830000000.0,2656000000.0,3245000000.0,9119000000.0,2155000000.0,-1177000000.0,500000000.0
12,201703,ACTIVISION BLIZZARD INC,1236562,24800690,ATVI,1726000000.0,493000000.0,426000000.0,0.57,0.56,0.3,16921000000.0,4356000000.0,2239000000.0,3248000000.0,9436000000.0,411000000.0,-23000000.0,-404000000.0
0,201706,ACTIVISION BLIZZARD INC,1239779,21535165,ATVI,1631000000.0,339000000.0,243000000.0,0.32,0.32,0.0,16808000000.0,4352000000.0,1765000000.0,3278000000.0,9715000000.0,676000000.0,-41000000.0,-652000000.0
11,201709,ACTIVISION BLIZZARD INC,1279844,19839465,ATVI,1618000000.0,257000000.0,188000000.0,0.25,0.25,0.0,17718000000.0,5386000000.0,2389000000.0,3576000000.0,9967000000.0,1055000000.0,-156000000.0,-640000000.0
3,201712,ACTIVISION BLIZZARD INC,1084956,17134499,ATVI,7017000000.0,1309000000.0,273000000.0,0.36,0.36,0.3,18668000000.0,6520000000.0,3663000000.0,4713000000.0,9462000000.0,2213000000.0,-197000000.0,-624000000.0
8,201803,ACTIVISION BLIZZARD INC,981945,14555953,ATVI,1965000000.0,595000000.0,500000000.0,0.66,0.65,0.34,18397000000.0,6410000000.0,2927000000.0,5217000000.0,9819000000.0,529000000.0,-51000000.0,8000000.0
10,201806,ACTIVISION BLIZZARD INC,1088143,14257637,ATVI,1641000000.0,434000000.0,402000000.0,0.53,0.52,0.0,17958000000.0,6134000000.0,2060000000.0,4857000000.0,10346000000.0,538000000.0,-124000000.0,-250000000.0
1,201809,ACTIVISION BLIZZARD INC,1342577,16138688,ATVI,2200000000.0,265000000.0,260000000.0,0.34,0.34,0.0,16713000000.0,4972000000.0,2382000000.0,3308000000.0,10659000000.0,791000000.0,-160000000.0,-2020000000.0
7,201812,ACTIVISION BLIZZARD INC,729818,15671412,ATVI,,,,,,,,,,,,,,
485,201306,AMERICAN EXPRESS CO,278096,3719848,AXP,7652000000.0,,1405000000.0,1.28,1.27,0.23,151933000000.0,,,23129000000.0,19034000000.0,10229000000.0,-1930000000.0,-7274000000.0
489,201309,AMERICAN EXPRESS CO,471586,6244519,AXP,7809000000.0,,1366000000.0,1.26,1.25,0.23,150103000000.0,,,22286000000.0,19216000000.0,8203000000.0,-1467000000.0,-6592000000.0
490,201309,AMERICAN EXPRESS CO,126118,1670000,AXP,7809000000.0,,1366000000.0,1.26,1.25,0.23,150103000000.0,,,22286000000.0,19216000000.0,8203000000.0,-1467000000.0,-6592000000.0
483,201312,AMERICAN EXPRESS CO,398566,4392879,AXP,30864000000.0,,5359000000.0,4.91,4.88,0.89,153375000000.0,,,19486000000.0,19496000000.0,8547000000.0,-7269000000.0,-3891000000.0
484,201312,AMERICAN EXPRESS CO,151519,1670000,AXP,30864000000.0,,5359000000.0,4.91,4.88,0.89,153375000000.0,,,19486000000.0,19496000000.0,8547000000.0,-7269000000.0,-3891000000.0
487,201509,AMERICAN EXPRESS CO,74,1000,AXP,7664000000.0,,1244000000.0,1.24,1.24,0.29,154216000000.0,,,19938000000.0,21335000000.0,8074000000.0,-2707000000.0,-7475000000.0
488,201509,AMERICAN EXPRESS CO,318759,4300000,AXP,7664000000.0,,1244000000.0,1.24,1.24,0.29,154216000000.0,,,19938000000.0,21335000000.0,8074000000.0,-2707000000.0,-7475000000.0
481,201512,AMERICAN EXPRESS CO,89,1281,AXP,30830000000.0,,5163000000.0,5.07,5.05,1.13,161184000000.0,,,22762000000.0,20673000000.0,10972000000.0,-8193000000.0,-2029000000.0
482,201512,AMERICAN EXPRESS CO,299065,4300000,AXP,30830000000.0,,5163000000.0,5.07,5.05,1.13,161184000000.0,,,22762000000.0,20673000000.0,10972000000.0,-8193000000.0,-2029000000.0
480,201603,AMERICAN EXPRESS CO,1535,25000,AXP,7654000000.0,,1405000000.0,1.45,1.45,0.29,158816000000.0,,,25045000000.0,20727000000.0,2469000000.0,3640000000.0,-3864000000.0
486,201606,AMERICAN EXPRESS CO,1519,25000,AXP,7772000000.0,,1996000000.0,2.11,2.1,0.29,159642000000.0,,,33767000000.0,20712000000.0,3138000000.0,12138000000.0,-4272000000.0
63,201609,ALIBABA GROUP HLDG LTD,544973,5151461,BABA,,,,,,,,,,,,,,
70,201612,ALIBABA GROUP HLDG LTD,669034,7619109,BABA,,,,,,,,,,,,,,
100,201703,ALIBABA GROUP HLDG LTD,1067163,9896713,BABA,,,,,,,,,,,,,,
40,201706,ALIBABA GROUP HLDG LTD,1643852,11666798,BABA,,,,,,,,,,,,,,
94,201709,ALIBABA GROUP HLDG LTD,1522440,8815009,BABA,,,,,,,,,,,,,,
56,201712,ALIBABA GROUP HLDG LTD,1094581,6347975,BABA,,,,,,,,,,,,,,
83,201803,ALIBABA GROUP HLDG LTD,1097965,5982159,BABA,,,,,,,,,,,,,,
89,201806,ALIBABA GROUP HLDG LTD,1186408,6394697,BABA,,,,,,,,,,,,,,
45,201809,ALIBABA GROUP HLDG LTD,1603472,9732169,BABA,,,,,,,,,,,,,,
78,201812,ALIBABA GROUP HLDG LTD,851250,6210334,BABA,,,,,,,,,,,,,,
50,201903,ALIBABA GROUP HLDG LTD,1029079,5640334,BABA,,,,,,,,,,,,,,
351,201306,BARCLAYS BK PLC,76420,3690000,BCS,,,,,,,,,,,,,,
378,201309,BARCLAYS BK PLC,216957,3690000,BCS,,,,,,,,,,,,,,
328,201312,BARCLAYS BK PLC,425075,9990000,BCS,,,,,,,,,,,,,,
364,201403,BARCLAYS BK PLC,421079,9990000,BCS,,,,,,,,,,,,,,
341,201406,BARCLAYS BK PLC,180180,6300000,BCS,,,,,,,,,,,,,,
160,201409,BARCLAYS BK PLC,196428,6300000,BCS,,,,,,,,,,,,,,
164,201412,BARCLAYS BK PLC,198513000,6300000,BCS,,,,,,,,,,,,,,
115,201503,BARCLAYS BK PLC,298179,11634000,BCS,,,,,,,,,,,,,,
105,201506,BARCLAYS BK PLC,110550,5500000,BCS,,,,,,,,,,,,,,
145,201509,BARCLAYS BK PLC,140965,5500000,BCS,,,,,,,,,,,,,,
135,201512,BARCLAYS BK PLC,60300,3000000,BCS,,,,,,,,,,,,,,
127,201603,BARCLAYS BK PLC,52860,3000000,BCS,,,,,,,,,,,,,,
153,201606,BARCLAYS BK PLC,1381,100000,BCS,,,,,,,,,,,,,,
65,201609,BARCLAYS BK PLC,3407,100000,BCS,,,,,,,,,,,,,,
72,201612,BARCLAYS BK PLC,12755,500000,BCS,,,,,,,,,,,,,,
73,201612,BARCLAYS BK PLC,2551,100000,BCS,,,,,,,,,,,,,,
102,201703,BARCLAYS BK PLC,12632,800000,BCS,,,,,,,,,,,,,,
42,201706,BARCLAYS BK PLC,12760,1000000,BCS,,,,,,,,,,,,,,
96,201709,BARCLAYS BK PLC,9798,250000,BCS,,,,,,,,,,,,,,
58,201712,BARCLAYS BK PLC,6980,250000,BCS,,,,,,,,,,,,,,
496,201306,CHARTER COMMUNICATIONS INC D,455133,3674874,CHTR,1972000000.0,236000000.0,-96000000.0,-0.96,-0.96,0.0,15589000000.0,333000000.0,1280000000.0,44000000.0,61000000.0,1025000000.0,-846000000.0,-142000000.0
501,201309,CHARTER COMMUNICATIONS INC D,262978,1951452,CHTR,2118000000.0,220000000.0,-70000000.0,-0.68,-0.68,0.0,17250000000.0,357000000.0,1382000000.0,41000000.0,61000000.0,1563000000.0,-1926000000.0,397000000.0
494,201312,CHARTER COMMUNICATIONS INC D,105924,774527,CHTR,8155000000.0,925000000.0,-169000000.0,-1.65,-1.65,0.0,17295000000.0,322000000.0,1467000000.0,21000000.0,151000000.0,2158000000.0,-2443000000.0,299000000.0
495,201409,CHARTER COMMUNICATIONS INC D,470127,3105814,CHTR,2287000000.0,218000000.0,-53000000.0,-0.49,-0.49,0.0,20950000000.0,370000000.0,1586000000.0,10000000.0,97000000.0,1729000000.0,-5165000000.0,3425000000.0
498,201412,CHARTER COMMUNICATIONS INC D,544686112,3269032,CHTR,9108000000.0,971000000.0,-183000000.0,-1.7,-1.7,0.0,24550000000.0,371000000.0,1635000000.0,3000000.0,146000000.0,2359000000.0,-9304000000.0,6927000000.0
497,201503,CHARTER COMMUNICATIONS INC D,642666,3327979,CHTR,2362000000.0,249000000.0,-81000000.0,-0.73,-0.73,0.0,24410000000.0,7502000000.0,8569000000.0,20000000.0,77000000.0,528000000.0,-441000000.0,-70000000.0
502,201506,CHARTER COMMUNICATIONS INC D,920865,5377312,CHTR,2430000000.0,269000000.0,-122000000.0,-1.09,-1.09,0.0,17319000000.0,456000000.0,1636000000.0,30000000.0,-31000000.0,1059000000.0,6242000000.0,-7274000000.0
503,201506,CHARTER COMMUNICATIONS INC D,522313,3050000,CHTR,2430000000.0,269000000.0,-122000000.0,-1.09,-1.09,0.0,17319000000.0,456000000.0,1636000000.0,30000000.0,-31000000.0,1059000000.0,6242000000.0,-7274000000.0
499,201509,CHARTER COMMUNICATIONS INC D,1151863,6550257,CHTR,2450000000.0,273000000.0,54000000.0,0.48,0.48,0.0,36873000000.0,406000000.0,1829000000.0,0.0,60000000.0,1748000000.0,-13865000000.0,12114000000.0
500,201509,CHARTER COMMUNICATIONS INC D,536343,3050000,CHTR,2450000000.0,273000000.0,54000000.0,0.48,0.48,0.0,36873000000.0,406000000.0,1829000000.0,0.0,60000000.0,1748000000.0,-13865000000.0,12114000000.0
493,201512,CHARTER COMMUNICATIONS INC D,865624,4727605,CHTR,9754000000.0,1114000000.0,-271000000.0,-2.43,-2.43,0.0,39316000000.0,345000000.0,1972000000.0,5000000.0,-46000000.0,2359000000.0,-17032000000.0,14675000000.0
492,201603,CHARTER COMMUNICATIONS INC D,928927,4588878,CHTR,2530000000.0,302000000.0,-188000000.0,-1.68,-1.68,0.0,40524000000.0,1612000000.0,1925000000.0,1278000000.0,-219000000.0,424000000.0,-536000000.0,1385000000.0
197,201606,CHARTER COMMUNICATIONS INC N,1095736,4792408,CHTR,6161000000.0,690000000.0,3067000000.0,16.73,15.17,0.0,149195000000.0,2325000000.0,8807000000.0,555000000.0,51032000000.0,2014000000.0,-8103000000.0,6639000000.0
198,201609,CHARTER COMMUNICATIONS INC N,1417371,5250106,CHTR,10037000000.0,924000000.0,189000000.0,0.7,0.69,0.0,148897000000.0,2781000000.0,8647000000.0,1165000000.0,51075000000.0,4815000000.0,-9905000000.0,6250000000.0
199,201612,CHARTER COMMUNICATIONS INC N,1357765,4715772,CHTR,29003000000.0,3355000000.0,3522000000.0,17.05,15.94,0.0,149067000000.0,3300000000.0,9572000000.0,1535000000.0,50366000000.0,8041000000.0,-11290000000.0,4779000000.0
202,201703,CHARTER COMMUNICATIONS INC N,1855981,5670234,CHTR,10164000000.0,941000000.0,155000000.0,0.58,0.57,0.0,149444000000.0,4666000000.0,9520000000.0,2920000000.0,49904000000.0,2843000000.0,-1712000000.0,254000000.0
195,201706,CHARTER COMMUNICATIONS INC N,1466588,4353832,CHTR,10357000000.0,1052000000.0,139000000.0,0.53,0.52,0.0,146960000000.0,2564000000.0,8123000000.0,694000000.0,46433000000.0,5788000000.0,-3555000000.0,-3074000000.0
200,201709,CHARTER COMMUNICATIONS INC N,1330354,3660652,CHTR,10458000000.0,909000000.0,48000000.0,0.19,0.19,0.0,148228000000.0,4132000000.0,10419000000.0,2164000000.0,42578000000.0,8696000000.0,-5883000000.0,-2184000000.0
201,201709,CHARTER COMMUNICATIONS INC N,254394,700000,CHTR,10458000000.0,909000000.0,48000000.0,0.19,0.19,0.0,148228000000.0,4132000000.0,10419000000.0,2164000000.0,42578000000.0,8696000000.0,-5883000000.0,-2184000000.0
196,201712,CHARTER COMMUNICATIONS INC N,580445,1727722,CHTR,41581000000.0,4106000000.0,9895000000.0,38.55,34.09,0.0,146623000000.0,2555000000.0,11090000000.0,621000000.0,47531000000.0,11954000000.0,-8098000000.0,-4770000000.0
673,201306,CANADIAN PAC RY LTD,19558,161132,CP,,,,,,,,,,,,,,
677,201309,CANADIAN PAC RY LTD,19868,161132,CP,,,,,,,,,,,,,,
671,201406,CANADIAN PAC RY LTD,635669,3509269,CP,,,,,,,,,,,,,,
672,201409,CANADIAN PAC RY LTD,727735,3507664,CP,,,,,,,,,,,,,,
676,201412,CANADIAN PAC RY LTD,690921982,3585666,CP,,,,,,,,,,,,,,
674,201503,CANADIAN PAC RY LTD,575005,3147265,CP,,,,,,,,,,,,,,
678,201806,CANADIAN PAC RY LTD,523726,2861578,CP,,,,,,,,,,,,,,
669,201809,CANADIAN PAC RY LTD,825877,3896747,CP,,,,,,,,,,,,,,
675,201812,CANADIAN PAC RY LTD,615608,3465872,CP,,,,,,,,,,,,,,
670,201903,CANADIAN PAC RY LTD,663300,3219436,CP,,,,,,,,,,,,,,
247,201506,CSX CORP,68183,2088300,CSX,3064000000.0,1017000000.0,553000000.0,0.56,0.56,0.18,33777000000.0,2669000000.0,1778000000.0,438000000.0,11577000000.0,1582000000.0,-1574000000.0,-239000000.0
248,201506,CSX CORP,90114,2760000,CSX,3064000000.0,1017000000.0,553000000.0,0.56,0.56,0.18,33777000000.0,2669000000.0,1778000000.0,438000000.0,11577000000.0,1582000000.0,-1574000000.0,-239000000.0
245,201509,CSX CORP,35809,1331200,CSX,2939000000.0,933000000.0,507000000.0,0.52,0.52,0.18,34015000000.0,2502000000.0,1922000000.0,541000000.0,11660000000.0,2512000000.0,-1951000000.0,-689000000.0
240,201512,CSX CORP,13865,534300,CSX,11811000000.0,3584000000.0,1968000000.0,2.0,2.0,0.7,35039000000.0,2966000000.0,1952000000.0,628000000.0,11668000000.0,3370000000.0,-2892000000.0,-519000000.0
249,201703,CSX CORP,669316,14378423,CSX,2869000000.0,712000000.0,362000000.0,0.39,0.39,0.18,35712000000.0,2660000000.0,2277000000.0,930000000.0,11669000000.0,1043000000.0,-286000000.0,-430000000.0
238,201706,CSX CORP,562779,10314868,CSX,2933000000.0,958000000.0,510000000.0,0.55,0.55,0.2,35861000000.0,2630000000.0,1672000000.0,620000000.0,11601000000.0,1566000000.0,-967000000.0,-582000000.0
242,201712,CSX CORP,626200,11383382,CSX,11408000000.0,3667000000.0,5471000000.0,6.01,5.99,0.78,35739000000.0,1915000000.0,1894000000.0,401000000.0,14721000000.0,3472000000.0,-1495000000.0,-2179000000.0
244,201803,CSX CORP,744860,13370307,CSX,2876000000.0,1044000000.0,695000000.0,0.78,0.78,0.22,37439000000.0,3542000000.0,1891000000.0,1980000000.0,14391000000.0,966000000.0,-316000000.0,929000000.0
246,201806,CSX CORP,841401,13192235,CSX,3102000000.0,1283000000.0,877000000.0,1.02,1.01,0.22,36924000000.0,2881000000.0,1732000000.0,1320000000.0,14023000000.0,2009000000.0,-755000000.0,-335000000.0
239,201809,CSX CORP,698327,9430475,CSX,0.0,1293000000.0,894000000.0,1.05,1.05,0.22,36861000000.0,2784000000.0,1944000000.0,663000000.0,13735000000.0,3406000000.0,-1587000000.0,-1557000000.0
243,201812,CSX CORP,599273,9645475,CSX,,,,,,,,,,,,,,
241,201903,CSX CORP,598462,7998686,CSX,,,,,,,,,,,,,,
508,201306,DOLLAR TREE INC,409424,8053196,DLTR,1865800000.0,216600000.0,133500000.0,0.6,0.59,0.0,2811800000.0,1489800000.0,663000000.0,383300000.0,1739700000.0,129300000.0,-88200000.0,-57400000.0
515,201309,DOLLAR TREE INC,437171,7648196,DLTR,1854900000.0,201300000.0,124700000.0,0.56,0.56,0.0,2908300000.0,1533200000.0,671800000.0,413700000.0,1825900000.0,300300000.0,-184900000.0,-100500000.0
507,201312,DOLLAR TREE INC,458593,8128196,DLTR,1884700000.0,204300000.0,125400000.0,0.58,0.58,0.0,2882800000.0,1487800000.0,766800000.0,147100000.0,959000000.0,366700000.0,-269400000.0,-349000000.0
514,201509,DOLLAR TREE INC,342592,5139395,DLTR,3011200000.0,123400000.0,-98000000.0,-0.46,-0.46,0.0,16565100000.0,4524700000.0,2073300000.0,1302500000.0,4047000000.0,-45700000.0,-6704900000.0,7189800000.0
506,201512,DOLLAR TREE INC,1018850,13194122,DLTR,4945200000.0,223700000.0,81900000.0,0.35,0.35,0.0,16699000000.0,4628000000.0,2161200000.0,1106900000.0,4142200000.0,-50500000.0,-6876600000.0,7170400000.0
505,201603,DOLLAR TREE INC,957071,11606484,DLTR,15498400000.0,1049700000.0,282400000.0,1.27,1.26,0.0,15901200000.0,3935900000.0,2095400000.0,736100000.0,4406900000.0,780900000.0,-6978400000.0,6070400000.0
509,201606,DOLLAR TREE INC,1259249,13362151,DLTR,5085800000.0,418700000.0,232700000.0,0.99,0.98,0.0,16060900000.0,4172100000.0,2049100000.0,929700000.0,4669600000.0,311000000.0,-92800000.0,-24800000.0
510,201609,DOLLAR TREE INC,1214950,15392747,DLTR,4996300000.0,357200000.0,170200000.0,0.72,0.72,0.0,16329400000.0,4449400000.0,2180000000.0,1093200000.0,4856900000.0,680300000.0,-272400000.0,-51900000.0
511,201612,DOLLAR TREE INC,719019,9316134,DLTR,5001600000.0,342400000.0,171600000.0,0.73,0.72,0.0,16195000000.0,4342400000.0,2134200000.0,733800000.0,5047700000.0,655300000.0,-368300000.0,-290000000.0
517,201703,DOLLAR TREE INC,513471,6544364,DLTR,20719200000.0,1704800000.0,896200000.0,3.8,3.78,0.0,15701600000.0,3938000000.0,2105900000.0,866400000.0,5389500000.0,1673300000.0,-483600000.0,-1060500000.0
512,201803,DOLLAR TREE INC,602082,6344385,DLTR,22245500000.0,1999100000.0,1714300000.0,7.24,7.21,0.0,16332800000.0,4576300000.0,2859100000.0,1097800000.0,7182300000.0,1510200000.0,-627900000.0,-651500000.0
516,201806,DOLLAR TREE INC,614854,7233575,DLTR,5553700000.0,437600000.0,160500000.0,0.68,0.67,0.0,15827100000.0,4042000000.0,1917200000.0,475200000.0,7355700000.0,387600000.0,-181100000.0,-828800000.0
528,201506,ELECTRONIC ARTS INC,52830,794440,EA,1203000000.0,512000000.0,442000000.0,1.42,1.32,0.0,5721000000.0,3326000000.0,2029000000.0,1810000000.0,3336000000.0,-71000000.0,-140000000.0,-47000000.0
526,201509,ELECTRONIC ARTS INC,595022,8782612,EA,815000000.0,-119000000.0,-140000000.0,-0.45,-0.45,0.0,6000000000.0,3646000000.0,2525000000.0,1598000000.0,3146000000.0,-62000000.0,-80000000.0,-307000000.0
520,201512,ELECTRONIC ARTS INC,442805,6443613,EA,1070000000.0,-31000000.0,-45000000.0,-0.14,-0.14,0.0,6470000000.0,4152000000.0,3145000000.0,2263000000.0,3012000000.0,827000000.0,-83000000.0,-518000000.0
518,201603,ELECTRONIC ARTS INC,126313,1910643,EA,4396000000.0,898000000.0,1156000000.0,3.73,3.5,0.0,7050000000.0,4354000000.0,2418000000.0,2493000000.0,3396000000.0,1223000000.0,-484000000.0,-306000000.0
522,201606,ELECTRONIC ARTS INC,269354,3555356,EA,1271000000.0,560000000.0,440000000.0,1.46,1.4,0.0,6605000000.0,3972000000.0,1650000000.0,2042000000.0,3716000000.0,-248000000.0,-81000000.0,-119000000.0
523,201609,ELECTRONIC ARTS INC,736064,8619020,EA,898000000.0,-49000000.0,-38000000.0,-0.13,-0.13,0.0,6892000000.0,4260000000.0,2050000000.0,1746000000.0,3608000000.0,-139000000.0,-249000000.0,-351000000.0
524,201612,ELECTRONIC ARTS INC,742091,9422175,EA,1149000000.0,-4000000.0,-1000000.0,0.0,0.0,0.0,7719000000.0,5101000000.0,2937000000.0,2483000000.0,3549000000.0,976000000.0,-498000000.0,-460000000.0
530,201703,ELECTRONIC ARTS INC,696463,7779975,EA,4845000000.0,1224000000.0,967000000.0,3.19,3.08,0.0,7718000000.0,5199000000.0,2415000000.0,2565000000.0,4060000000.0,1383000000.0,-759000000.0,-534000000.0
529,201709,ELECTRONIC ARTS INC,499878,4234102,EA,959000000.0,-41000000.0,-22000000.0,-0.07,-0.07,0.0,7922000000.0,5415000000.0,2272000000.0,2067000000.0,4388000000.0,228000000.0,-408000000.0,-351000000.0
521,201712,ELECTRONIC ARTS INC,767798,7308184,EA,1160000000.0,-21000000.0,-186000000.0,-0.6,-0.6,0.0,8642000000.0,5966000000.0,3107000000.0,2566000000.0,4086000000.0,1077000000.0,-593000000.0,-508000000.0
525,201803,ELECTRONIC ARTS INC,865413,7138016,EA,5150000000.0,1434000000.0,1043000000.0,3.39,3.34,0.0,8584000000.0,6004000000.0,2491000000.0,4258000000.0,4595000000.0,1692000000.0,622000000.0,-643000000.0
527,201806,ELECTRONIC ARTS INC,890883,6317420,EA,1137000000.0,300000000.0,293000000.0,0.96,0.95,0.0,8247000000.0,5624000000.0,1464000000.0,3876000000.0,5260000000.0,120000000.0,-103000000.0,-388000000.0
519,201809,ELECTRONIC ARTS INC,946554,7855868,EA,1286000000.0,258000000.0,255000000.0,0.84,0.83,0.0,8450000000.0,5803000000.0,1649000000.0,2881000000.0,5317000000.0,-6000000.0,-704000000.0,-659000000.0
256,201306,EQUINIX INC,385532,2087116,EQIX,525669000.0,112177000.0,-28658000.0,-0.58,-0.58,0.0,7077849000.0,1097609000.0,607535000.0,517496000.0,2311875000.0,231340000.0,-604993000.0,646726000.0
264,201309,EQUINIX INC,397991,2167116,EQIX,543084000.0,115193000.0,42471000.0,0.86,0.83,0.0,7389044000.0,1004774000.0,582225000.0,399742000.0,2452996000.0,437902000.0,-935951000.0,645548000.0
258,201403,EQUINIX INC,416758,2254694,EQIX,580053000.0,121612000.0,41387000.0,0.83,0.81,0.0,7730598000.0,1086018000.0,595156000.0,495174000.0,2517006000.0,171718000.0,98885000.0,-37282000.0
254,201406,EQUINIX INC,483042,2299216,EQIX,605161000.0,124697000.0,11328000.0,0.22,0.22,0.0,7639611000.0,954534000.0,563315000.0,408334000.0,2683059000.0,270682000.0,190388000.0,-316210000.0
255,201409,EQUINIX INC,562872,2649060,EQIX,620441000.0,135131000.0,42841000.0,0.81,0.79,0.0,7462000000.0,857711000.0,668200000.0,354181000.0,2597680000.0,487123000.0,184072000.0,-572449000.0
262,201412,EQUINIX INC,882090571,3890489,EQIX,2443776000.0,509266000.0,-259547000.0,-4.96,-4.96,0.0,7817433000.0,1490943000.0,643757000.0,610917000.0,2270131000.0,689420000.0,-435839000.0,107401000.0
260,201503,EQUINIX INC,635536,2729378,EQIX,643174000.0,151449000.0,76452000.0,1.35,1.34,0.0,7727694000.0,1439544000.0,666355000.0,536709000.0,2161729000.0,232811000.0,-199834000.0,-98794000.0
265,201506,EQUINIX INC,763510,3005944,EQIX,665582000.0,139133000.0,59459000.0,1.04,1.03,0.0,7826018000.0,1330118000.0,817732000.0,336133000.0,2202590000.0,445274000.0,-498376000.0,-218356000.0
263,201509,EQUINIX INC,724722,2650775,EQIX,686649000.0,140883000.0,41132000.0,0.72,0.71,0.0,7705666000.0,1242023000.0,1464114000.0,335469000.0,1488653000.0,659675000.0,-605931000.0,-319768000.0
252,201512,EQUINIX INC,638218,2110509,EQIX,2725867000.0,567342000.0,187774000.0,3.25,3.21,0.0,10356695000.0,3259280000.0,1656354000.0,2228838000.0,2745386000.0,894793000.0,-1134927000.0,1873182000.0
251,201603,EQUINIX INC,768679,2324330,EQIX,844156000.0,112688000.0,-4213000.0,-0.46,-0.46,0.0,13495835000.0,2168341000.0,1580195000.0,633758000.0,4819105000.0,104270000.0,-1322787000.0,-376368000.0
257,201606,EQUINIX INC,830115,2140962,EQIX,900510000.0,151655000.0,44711000.0,0.64,0.64,0.0,13269045000.0,2095429000.0,1559779000.0,483160000.0,4705465000.0,383098000.0,-1575717000.0,-546293000.0
259,201609,EQUINIX INC,648298,1799578,EQIX,924676000.0,169941000.0,51450000.0,0.73,0.72,0.0,13097557000.0,1660484000.0,1495566000.0,987915000.0,4623710000.0,717270000.0,-1239697000.0,-737399000.0
261,201612,EQUINIX INC,683612,1912684,EQIX,3611989000.0,618739000.0,126800000.0,1.81,1.79,7.0,12608371000.0,1467526000.0,1028695000.0,748476000.0,4365829000.0,1016580000.0,-1592155000.0,-894292000.0
267,201703,EQUINIX INC,573114,1431461,EQIX,949525000.0,167213000.0,42062000.0,0.58,0.57,0.0,17184684000.0,5574017000.0,1020068000.0,4923259000.0,6517839000.0,247371000.0,-314359000.0,4225246000.0
250,201706,EQUINIX INC,546600,1273652,EQIX,1066421000.0,184895000.0,45805000.0,0.59,0.58,2.0,17473937000.0,1849624000.0,1091435000.0,1063777000.0,6523663000.0,553844000.0,-4253082000.0,4012349000.0
266,201709,EQUINIX INC,568431,1273652,EQIX,1152261000.0,224863000.0,79900000.0,1.02,1.02,2.0,18308496000.0,2443808000.0,1156624000.0,1599988000.0,6542217000.0,944354000.0,-4616830000.0,4508974000.0
253,201712,EQUINIX INC,508753,1122529,EQIX,4368428000.0,809014000.0,232982000.0,3.03,3.0,8.0,18691457000.0,2249128000.0,1242734000.0,1412517000.0,6849790000.0,1439233000.0,-5400826000.0,4607860000.0
282,201306,FACEBOOK INC,245432,9864619,FB,1813000000.0,562000000.0,331000000.0,0.14,0.13,0.0,15724000000.0,11421000000.0,1080000000.0,3001000000.0,12349000000.0,2041000000.0,-824000000.0,-593000000.0
292,201309,FACEBOOK INC,383556,7635995,FB,2016000000.0,736000000.0,422000000.0,0.17,0.17,0.0,14933000000.0,10549000000.0,984000000.0,3100000000.0,13048000000.0,2991000000.0,-90000000.0,-2192000000.0
279,201312,FACEBOOK INC,163971,3000441,FB,7872000000.0,2804000000.0,1491000000.0,0.62,0.6,0.0,17895000000.0,13070000000.0,1100000000.0,3323000000.0,15470000000.0,4222000000.0,-2624000000.0,-667000000.0
284,201403,FACEBOOK INC,120480,2000000,FB,2502000000.0,1075000000.0,639000000.0,0.25,0.25,0.0,19028000000.0,14060000000.0,1037000000.0,2998000000.0,16737000000.0,1285000000.0,-1872000000.0,262000000.0
281,201409,FACEBOOK INC,682788,8638513,FB,3203000000.0,1397000000.0,802000000.0,0.31,0.3,0.0,24188000000.0,16115000000.0,1234000000.0,8999000000.0,21238000000.0,3874000000.0,703000000.0,1170000000.0
289,201412,FACEBOOK INC,1053474022,13502615,FB,12466000000.0,4994000000.0,2925000000.0,1.12,1.1,0.0,40184000000.0,13670000000.0,1424000000.0,4315000000.0,36096000000.0,5457000000.0,-5913000000.0,1571000000.0
286,201503,FACEBOOK INC,666511,8106922,FB,3543000000.0,933000000.0,509000000.0,0.18,0.18,0.0,42007000000.0,15004000000.0,1746000000.0,3419000000.0,37501000000.0,1700000000.0,-2844000000.0,371000000.0
294,201506,FACEBOOK INC,837214,9761722,FB,4042000000.0,1273000000.0,715000000.0,0.26,0.25,0.0,44130000000.0,16951000000.0,1881000000.0,5123000000.0,39452000000.0,3580000000.0,-3408000000.0,713000000.0
291,201509,FACEBOOK INC,962133,10702259,FB,4501000000.0,1459000000.0,891000000.0,0.32,0.31,0.0,46469000000.0,19139000000.0,1792000000.0,4308000000.0,41420000000.0,5772000000.0,-6708000000.0,1028000000.0
277,201512,FACEBOOK INC,1024131,9785312,FB,17928000000.0,6225000000.0,3669000000.0,1.31,1.29,0.0,49407000000.0,21652000000.0,1925000000.0,4907000000.0,44218000000.0,8599000000.0,-9434000000.0,1582000000.0
275,201603,FACEBOOK INC,1302281,11413508,FB,5382000000.0,2009000000.0,1505000000.0,0.53,0.52,0.0,52075000000.0,23812000000.0,1809000000.0,6456000000.0,47150000000.0,2983000000.0,-1676000000.0,184000000.0
283,201606,FACEBOOK INC,1250365,10941237,FB,6436000000.0,2746000000.0,2048000000.0,0.72,0.71,0.0,55739000000.0,27010000000.0,2211000000.0,5108000000.0,50383000000.0,6181000000.0,-6647000000.0,655000000.0
285,201609,FACEBOOK INC,801231,6246441,FB,7011000000.0,3122000000.0,2373000000.0,0.83,0.82,0.0,59674000000.0,30328000000.0,2595000000.0,6038000000.0,54115000000.0,9758000000.0,-9764000000.0,1106000000.0
287,201612,FACEBOOK INC,682006,5927908,FB,27638000000.0,12427000000.0,10188000000.0,3.56,3.49,0.0,64961000000.0,34401000000.0,2875000000.0,8903000000.0,59194000000.0,16108000000.0,-11739000000.0,-310000000.0
296,201703,FACEBOOK INC,725351,5106308,FB,8032000000.0,3327000000.0,3059000000.0,1.06,1.04,0.0,68714000000.0,36930000000.0,2928000000.0,7104000000.0,62188000000.0,5058000000.0,-5891000000.0,-992000000.0
274,201706,FACEBOOK INC,931252,6168049,FB,9321000000.0,4401000000.0,3890000000.0,1.34,1.32,0.0,73843000000.0,40804000000.0,3315000000.0,6252000000.0,66481000000.0,10418000000.0,-11331000000.0,-1861000000.0
295,201709,FACEBOOK INC,859862,5032256,FB,10328000000.0,5122000000.0,4704000000.0,1.62,1.59,0.0,78998000000.0,44203000000.0,3305000000.0,7201000000.0,71208000000.0,16545000000.0,-15045000000.0,-3392000000.0
280,201712,FACEBOOK INC,776503,4400447,FB,40653000000.0,20203000000.0,15920000000.0,5.49,5.39,0.0,84524000000.0,48563000000.0,3760000000.0,8079000000.0,74347000000.0,24216000000.0,-20038000000.0,-5235000000.0
290,201803,FACEBOOK INC,1230581,7701242,FB,11966000000.0,5449000000.0,4987000000.0,1.72,1.69,0.0,88945000000.0,50412000000.0,5086000000.0,12082000000.0,77620000000.0,7860000000.0,-1287000000.0,-2603000000.0
293,201806,FACEBOOK INC,661572,3404550,FB,13231000000.0,5863000000.0,5106000000.0,1.76,1.74,0.0,90291000000.0,49833000000.0,4670000000.0,11552000000.0,79382000000.0,14158000000.0,-3671000000.0,-6874000000.0
276,201809,FACEBOOK INC,635342,3863203,FB,13727000000.0,5781000000.0,5137000000.0,1.78,1.76,0.0,92452000000.0,49147000000.0,5462000000.0,9637000000.0,80342000000.0,21656000000.0,-7918000000.0,-12031000000.0
288,201812,FACEBOOK INC,874340,6669767,FB,,,,,,,,,,,,,,
278,201903,FACEBOOK INC,806893,4840683,FB,,,,,,,,,,,,,,
305,201306,FLEETCOR TECHNOLOGIES INC,434983,5350347,FLT,220869000.0,109074000.0,73099000.0,0.9,0.87,0.0,3013089000.0,1405818000.0,1300576000.0,292905000.0,1050014000.0,82712000.0,-167064000.0,110084000.0
314,201309,FLEETCOR TECHNOLOGIES INC,502605,4562496,FLT,225150000.0,111255000.0,78620000.0,0.96,0.93,0.0,3475105000.0,1490524000.0,1596960000.0,345689000.0,1173902000.0,208011000.0,-392319000.0,253605000.0
301,201312,FLEETCOR TECHNOLOGIES INC,510580,4357596,FLT,895171000.0,420632000.0,284501000.0,3.48,3.36,0.0,3932235000.0,1353512000.0,1908898000.0,338105000.0,1243893000.0,375685000.0,-749128000.0,435725000.0
307,201403,FLEETCOR TECHNOLOGIES INC,626437,5442543,FLT,253908000.0,114136000.0,75109000.0,0.91,0.88,0.0,4036717000.0,1471409000.0,1910093000.0,283374000.0,1366180000.0,51494000.0,-24876000.0,-80893000.0
303,201406,FLEETCOR TECHNOLOGIES INC,795890,6038616,FLT,273502000.0,134484000.0,88549000.0,1.07,1.03,0.0,4253365000.0,1523054000.0,2027988000.0,297642000.0,1475520000.0,157721000.0,-201402000.0,1782000.0
304,201409,FLEETCOR TECHNOLOGIES INC,936462,6589236,FLT,295283000.0,144207000.0,95509000.0,1.14,1.11,0.0,4224440000.0,1504675000.0,1928690000.0,304109000.0,1558807000.0,317492000.0,-280198000.0,-56193000.0
311,201412,FLEETCOR TECHNOLOGIES INC,957041050,6435620,FLT,1199390000.0,565449000.0,368707000.0,4.37,4.24,0.0,8674506000.0,2137350000.0,2896618000.0,477069000.0,2753137000.0,608334000.0,-2594087000.0,2162265000.0
309,201503,FLEETCOR TECHNOLOGIES INC,826833,5478615,FLT,416166000.0,163774000.0,94153000.0,1.03,1.0,0.0,8504724000.0,2109265000.0,2756279000.0,379393000.0,2780174000.0,67403000.0,-8956000.0,-142641000.0
316,201506,FLEETCOR TECHNOLOGIES INC,854993,5478615,FLT,404605000.0,169151000.0,98678000.0,1.07,1.05,0.0,8574671000.0,2201006000.0,2721600000.0,384175000.0,2907004000.0,198412000.0,-24188000.0,-253336000.0
313,201509,FLEETCOR TECHNOLOGIES INC,885475,6434203,FLT,451493000.0,188460000.0,116770000.0,1.27,1.24,0.0,8285133000.0,2033543000.0,2441259000.0,422390000.0,2962571000.0,524452000.0,-46547000.0,-502264000.0
300,201512,FLEETCOR TECHNOLOGIES INC,919641,6434203,FLT,1702865000.0,667534000.0,362431000.0,3.94,3.85,0.0,7891868000.0,1945172000.0,2248021000.0,447152000.0,2830047000.0,754584000.0,-99414000.0,-648065000.0
298,201603,FLEETCOR TECHNOLOGIES INC,878280,5904403,FLT,414262000.0,175955000.0,109972000.0,1.19,1.17,0.0,8011830000.0,2054581000.0,2238014000.0,399318000.0,2987769000.0,121505000.0,-20745000.0,-157389000.0
306,201606,FLEETCOR TECHNOLOGIES INC,823069,5750503,FLT,417905000.0,171168000.0,114185000.0,1.23,1.21,0.0,8268708000.0,2350945000.0,2432290000.0,493085000.0,3082705000.0,208856000.0,-37924000.0,-118303000.0
308,201609,FLEETCOR TECHNOLOGIES INC,847382,4877583,FLT,484426000.0,191055000.0,129618000.0,1.4,1.36,0.0,9916054000.0,2685156000.0,3454973000.0,405435000.0,3178521000.0,404286000.0,-1371545000.0,976413000.0
310,201612,FLEETCOR TECHNOLOGIES INC,663564,4688835,FLT,1832000000.0,754153000.0,452385000.0,4.89,4.75,0.0,9626732000.0,2527693000.0,3296318000.0,475018000.0,3084038000.0,705912000.0,-1389585000.0,753969000.0
318,201703,FLEETCOR TECHNOLOGIES INC,681703,4501773,FLT,520433000.0,195068000.0,123693000.0,1.34,1.31,0.0,10009954000.0,2882091000.0,3500665000.0,546560000.0,3341812000.0,54215000.0,-21123000.0,19094000.0
297,201706,FLEETCOR TECHNOLOGIES INC,945369,6555504,FLT,541237000.0,216043000.0,130987000.0,1.42,1.39,0.0,10101711000.0,3045358000.0,3619026000.0,564578000.0,3405500000.0,179004000.0,-42507000.0,-67805000.0
317,201709,FLEETCOR TECHNOLOGIES INC,124045,801482,FLT,577877000.0,232637000.0,202823000.0,2.23,2.18,0.0,11330294000.0,3521501000.0,4172898000.0,834756000.0,3430418000.0,419490000.0,-341583000.0,250099000.0
302,201712,FLEETCOR TECHNOLOGIES INC,154229,801482,FLT,2249538000.0,883760000.0,740200000.0,8.12,7.91,0.0,11318359000.0,3549701000.0,4095502000.0,913595000.0,3676522000.0,675723000.0,-497802000.0,251938000.0
312,201803,FLEETCOR TECHNOLOGIES INC,233198,1151593,FLT,585500000.0,260087000.0,174937000.0,1.95,1.88,0.0,11692465000.0,3907065000.0,4307676000.0,979573000.0,3888052000.0,200702000.0,-22731000.0,-98993000.0
315,201806,FLEETCOR TECHNOLOGIES INC,213388,1012996,FLT,585000000.0,264783000.0,176852000.0,1.98,1.91,0.0,11485133000.0,4049207000.0,4601514000.0,919662000.0,3439085000.0,275089000.0,-49617000.0,-104760000.0
299,201809,FLEETCOR TECHNOLOGIES INC,114848,504075,FLT,620000000.0,281090000.0,157694000.0,1.78,1.71,0.0,11450890000.0,4132991000.0,4484468000.0,924442000.0,3562248000.0,555380000.0,-71303000.0,-356332000.0
136,201512,ALPHABET INC,314547,404297,GOOGL,,,,,,,,,,,,,,
137,201512,ALPHABET INC,313126,412616,GOOGL,,,,,,,,,,,,,,
128,201603,ALPHABET INC,492726,645859,GOOGL,,,,,,,,,,,,,,
129,201603,ALPHABET INC,580233,778888,GOOGL,,,,,,,,,,,,,,
154,201606,ALPHABET INC,116088,165008,GOOGL,,,,,,,,,,,,,,
155,201606,ALPHABET INC,611739,883888,GOOGL,,,,,,,,,,,,,,
66,201609,ALPHABET INC,655604,843449,GOOGL,,,,,,,,,,,,,,
74,201612,ALPHABET INC,484628,627903,GOOGL,,,,,,,,,,,,,,
60,201712,ALPHABET INC,625227,597503,GOOGL,,,,,,,,,,,,,,
85,201803,ALPHABET INC,670667,650003,GOOGL,,,,,,,,,,,,,,
91,201806,ALPHABET INC,733878,657803,GOOGL,,,,,,,,,,,,,,
47,201809,ALPHABET INC,1063739,891299,GOOGL,,,,,,,,,,,,,,
52,201903,ALPHABET INC,521441,444419,GOOGL,,,,,,,,,,,,,,
839,201312,INTERCONTINENTALEXCHANGE GRO,13630,60600,ICE,1795000000.0,790000000.0,254000000.0,3.24,3.21,0.65,64818000000.0,44259000000.0,44342000000.0,961000000.0,12615000000.0,735000000.0,-2523000000.0,1119000000.0
840,201312,INTERCONTINENTALEXCHANGE GRO,494694,2199424,ICE,1795000000.0,790000000.0,254000000.0,3.24,3.21,0.65,64818000000.0,44259000000.0,44342000000.0,961000000.0,12615000000.0,735000000.0,-2523000000.0,1119000000.0
841,201403,INTERCONTINENTALEXCHANGE GRO,11988,60600,ICE,,,,,,,,,,,,,,
842,201403,INTERCONTINENTALEXCHANGE GRO,656426,3318131,ICE,,,,,,,,,,,,,,
320,201406,INTERCONTINENTAL EXCHANGE IN,642961,3403713,ICE,1011000000.0,327000000.0,226000000.0,1.96,1.95,0.65,68482000000.0,50191000000.0,49670000000.0,2057000000.0,13279000000.0,836000000.0,1651000000.0,-1285000000.0
321,201409,INTERCONTINENTAL EXCHANGE IN,46812,240000,ICE,1006000000.0,330000000.0,206000000.0,1.81,1.8,0.65,67286000000.0,49378000000.0,49337000000.0,638000000.0,12643000000.0,922000000.0,489000000.0,-1618000000.0
322,201409,INTERCONTINENTAL EXCHANGE IN,256485,1314968,ICE,1006000000.0,330000000.0,206000000.0,1.81,1.8,0.65,67286000000.0,49378000000.0,49337000000.0,638000000.0,12643000000.0,922000000.0,489000000.0,-1618000000.0
325,201412,INTERCONTINENTAL EXCHANGE IN,52629600,240000,ICE,4221000000.0,1448000000.0,981000000.0,8.6,8.55,2.6,68279000000.0,50245000000.0,50539000000.0,652000000.0,12392000000.0,1463000000.0,36000000.0,-1673000000.0
326,201412,INTERCONTINENTAL EXCHANGE IN,250602200,1142789,ICE,4221000000.0,1448000000.0,981000000.0,8.6,8.55,2.6,68279000000.0,50245000000.0,50539000000.0,652000000.0,12392000000.0,1463000000.0,36000000.0,-1673000000.0
323,201609,INTERCONTINENTAL EXCHANGE IN,325179,1207229,ICE,1416000000.0,474000000.0,344000000.0,2.88,2.86,0.85,76296000000.0,51844000000.0,52354000000.0,458000000.0,15544000000.0,1508000000.0,-306000000.0,-1366000000.0
324,201612,INTERCONTINENTAL EXCHANGE IN,238410,4225637,ICE,5958000000.0,2167000000.0,1422000000.0,2.39,2.37,0.68,82003000000.0,57133000000.0,58617000000.0,407000000.0,15754000000.0,2149000000.0,-898000000.0,-1462000000.0
319,201706,INTERCONTINENTAL EXCHANGE IN,419047,6356905,ICE,1494000000.0,609000000.0,418000000.0,0.71,0.7,0.2,80324000000.0,56448000000.0,56819000000.0,398000000.0,15933000000.0,1098000000.0,209000000.0,-1321000000.0
327,201709,INTERCONTINENTAL EXCHANGE IN,601102,8749665,ICE,1432000000.0,596000000.0,369000000.0,0.63,0.62,0.2,79118000000.0,55239000000.0,54600000000.0,419000000.0,16019000000.0,1410000000.0,127000000.0,-1534000000.0
854,201306,LIBERTY GLOBAL PLC,147695,2009726,LBTYA,3161900000.0,445200000.0,-11600000.0,-0.04,-0.04,0.0,63705600000.0,5014400000.0,7151300000.0,2125000000.0,11547400000.0,1346200000.0,-6278200000.0,5015700000.0
855,201306,LIBERTY GLOBAL PLC,101881,1500678,LBTYA,3161900000.0,445200000.0,-11600000.0,-0.04,-0.04,0.0,63705600000.0,5014400000.0,7151300000.0,2125000000.0,11547400000.0,1346200000.0,-6278200000.0,5015700000.0
858,201309,LIBERTY GLOBAL PLC,254230,3203911,LBTYA,4371200000.0,521900000.0,-830100000.0,-2.09,-2.09,0.0,65996000000.0,4731500000.0,7059400000.0,2206500000.0,11396700000.0,2466000000.0,-7253200000.0,4892800000.0
859,201309,LIBERTY GLOBAL PLC,299000,3963935,LBTYA,4371200000.0,521900000.0,-830100000.0,-2.09,-2.09,0.0,65996000000.0,4731500000.0,7059400000.0,2206500000.0,11396700000.0,2466000000.0,-7253200000.0,4892800000.0
849,201312,LIBERTY GLOBAL PLC,396899,4459542,LBTYA,14474200000.0,2012100000.0,-963900000.0,-2.79,-2.79,0.0,67714300000.0,5482600000.0,7683000000.0,2701900000.0,11541500000.0,3931300000.0,-7965000000.0,4615900000.0
850,201312,LIBERTY GLOBAL PLC,437180,5184770,LBTYA,14474200000.0,2012100000.0,-963900000.0,-2.79,-2.79,0.0,67714300000.0,5482600000.0,7683000000.0,2701900000.0,11541500000.0,3931300000.0,-7965000000.0,4615900000.0
856,201403,LIBERTY GLOBAL PLC,290468,6982402,LBTYA,4533700000.0,581700000.0,-78800000.0,-0.53,-0.53,0.0,67260300000.0,5899700000.0,10672700000.0,3092100000.0,10957600000.0,1310800000.0,227900000.0,-1163500000.0
857,201403,LIBERTY GLOBAL PLC,865525,21260739,LBTYA,4533700000.0,581700000.0,-78800000.0,-0.53,-0.53,0.0,67260300000.0,5899700000.0,10672700000.0,3092100000.0,10957600000.0,1310800000.0,227900000.0,-1163500000.0
851,201406,LIBERTY GLOBAL PLC,288302,6519720,LBTYA,4602200000.0,669500000.0,-249900000.0,-0.31,-0.31,0.0,65529400000.0,3957000000.0,9259600000.0,1110200000.0,10787600000.0,2907100000.0,-460400000.0,-4061100000.0
852,201406,LIBERTY GLOBAL PLC,668774,15806512,LBTYA,4602200000.0,669500000.0,-249900000.0,-0.31,-0.31,0.0,65529400000.0,3957000000.0,9259600000.0,1110200000.0,10787600000.0,2907100000.0,-460400000.0,-4061100000.0
853,201409,LIBERTY GLOBAL PLC,182953,4460630,LBTYA,4497200000.0,703700000.0,157100000.0,0.2,0.2,0.0,62240000000.0,3626400000.0,8449500000.0,954900000.0,10307200000.0,4060500000.0,-2095600000.0,-3679500000.0
206,201406,CHENIERE ENERGY INC,40697,567600,LNG,67645000.0,-62135000.0,-201928000.0,-0.9,-0.9,0.0,11859295000.0,1591484000.0,390883000.0,889887000.0,2460957000.0,-11341000.0,-55283000.0,-4331000.0
207,201409,CHENIERE ENERGY INC,552760,6906909,LNG,66807000.0,-61358000.0,-89581000.0,-0.4,-0.4,0.0,11785316000.0,1509862000.0,438788000.0,791656000.0,2330553000.0,-41050000.0,-91634000.0,-36502000.0
212,201412,CHENIERE ENERGY INC,620852109,8818922,LNG,267954000.0,-273568000.0,-547932000.0,-2.44,-2.44,0.0,12573683000.0,2258877000.0,232475000.0,1747583000.0,2501517000.0,-124119000.0,-211987000.0,1122847000.0
210,201503,CHENIERE ENERGY INC,620631,8018486,LNG,68369000.0,-60998000.0,-267709000.0,-1.18,-1.18,0.0,14923047000.0,2703059000.0,321467000.0,2158338000.0,2354371000.0,-14180000.0,-64539000.0,489474000.0
214,201506,CHENIERE ENERGY INC,550168,7943511,LNG,68025000.0,-95580000.0,-118495000.0,-0.52,-0.52,0.0,17759502000.0,2263362000.0,640839000.0,1470207000.0,2215356000.0,-294955000.0,-213030000.0,230609000.0
213,201509,CHENIERE ENERGY INC,591278,12241775,LNG,66059000.0,-52074000.0,-297808000.0,-1.31,-1.31,0.0,18452259000.0,2086272000.0,530219000.0,1340262000.0,1864931000.0,-274577000.0,-528588000.0,395844000.0
205,201512,CHENIERE ENERGY INC,469044,12591775,LNG,270885000.0,-449313000.0,-975109000.0,-4.3,-4.3,0.0,19019589000.0,1782586000.0,2188086000.0,1201112000.0,1561403000.0,-265622000.0,-659423000.0,378574000.0
204,201603,CHENIERE ENERGY INC,435889,12884676,LNG,69081000.0,-90559000.0,-320838000.0,-1.41,-1.41,0.0,20430947000.0,1946115000.0,2568623000.0,1094833000.0,1204685000.0,-88690000.0,-16615000.0,-974000.0
208,201606,CHENIERE ENERGY INC,483820,12884676,LNG,176827000.0,-76454000.0,-298418000.0,-1.31,-1.31,0.0,21436851000.0,1990482000.0,2414521000.0,1049478000.0,864167000.0,-144034000.0,-19257000.0,11657000.0
209,201609,CHENIERE ENERGY INC,468326,10741417,LNG,465673000.0,15276000.0,-100442000.0,-0.44,-0.44,0.0,22689080000.0,2104727000.0,2608878000.0,990132000.0,705739000.0,-199027000.0,-12206000.0,253000.0
211,201612,CHENIERE ENERGY INC,214870,5186332,LNG,1283167000.0,-29367000.0,-609991000.0,-2.67,-2.67,0.0,23702737000.0,2238318000.0,1076669000.0,875836000.0,838396000.0,-403842000.0,-4413411000.0,4907575000.0
215,201703,CHENIERE ENERGY INC,245158,5186332,LNG,1211000000.0,376000000.0,54000000.0,0.23,0.23,0.0,26056000000.0,2419000000.0,871000000.0,923000000.0,995000000.0,309000000.0,-1290000000.0,2095000000.0
203,201706,CHENIERE ENERGY INC,252626,5186332,LNG,1241000000.0,274000000.0,-285000000.0,-1.23,-1.23,0.0,26600000000.0,2368000000.0,840000000.0,796000000.0,1004000000.0,536000000.0,-2357000000.0,2538000000.0
556,201309,MASTERCARD INC,471352,700604,MA,2218000000.0,1248000000.0,879000000.0,7.3,7.27,0.0,13730000000.0,10559000000.0,5420000000.0,3413000000.0,7668000000.0,2936000000.0,235000000.0,-1837000000.0
548,201312,MASTERCARD INC,794185,950596,MA,8346000000.0,4503000000.0,3116000000.0,2.57,2.56,0.29,14242000000.0,10950000000.0,6032000000.0,3599000000.0,7495000000.0,4135000000.0,-4000000.0,-2629000000.0
552,201403,MASTERCARD INC,544923,7294819,MA,2177000000.0,1285000000.0,870000000.0,0.73,0.73,0.11,14802000000.0,11342000000.0,5994000000.0,4019000000.0,6578000000.0,568000000.0,130000000.0,-279000000.0
549,201406,MASTERCARD INC,864471,11766312,MA,2377000000.0,1383000000.0,931000000.0,0.8,0.8,0.0,14375000000.0,10577000000.0,5790000000.0,2878000000.0,6314000000.0,1297000000.0,-432000000.0,-1585000000.0
550,201409,MASTERCARD INC,1114920,15082787,MA,2503000000.0,1420000000.0,1015000000.0,0.88,0.87,0.0,14659000000.0,10956000000.0,5849000000.0,4462000000.0,6548000000.0,2682000000.0,448000000.0,-2095000000.0
554,201412,MASTERCARD INC,1725824434,20030460,MA,9473000000.0,5106000000.0,3617000000.0,3.11,3.1,0.49,15329000000.0,10997000000.0,6222000000.0,5137000000.0,6824000000.0,3407000000.0,690000000.0,-2339000000.0
553,201503,MASTERCARD INC,1120794,12973653,MA,2230000000.0,1351000000.0,1020000000.0,0.89,0.89,0.16,14633000000.0,10348000000.0,5937000000.0,4207000000.0,6334000000.0,911000000.0,-519000000.0,-1100000000.0
557,201506,MASTERCARD INC,909246,9726632,MA,2390000000.0,1251000000.0,921000000.0,0.81,0.81,0.0,15272000000.0,10217000000.0,6476000000.0,3361000000.0,6436000000.0,1732000000.0,-1222000000.0,-2116000000.0
555,201509,MASTERCARD INC,751952,8343895,MA,2530000000.0,1369000000.0,977000000.0,0.86,0.86,0.0,14634000000.0,9625000000.0,5943000000.0,3877000000.0,6298000000.0,3004000000.0,-853000000.0,-3216000000.0
546,201512,MASTERCARD INC,598821,6150587,MA,9667000000.0,5078000000.0,3808000000.0,3.36,3.35,0.67,16269000000.0,10985000000.0,6269000000.0,5747000000.0,6062000000.0,4043000000.0,-715000000.0,-2458000000.0
545,201603,MASTERCARD INC,479737,5076587,MA,2446000000.0,1348000000.0,959000000.0,0.86,0.86,0.19,15905000000.0,10606000000.0,6440000000.0,4894000000.0,5511000000.0,1008000000.0,-385000000.0,-1545000000.0
551,201606,MASTERCARD INC,437534,4968587,MA,2694000000.0,1380000000.0,983000000.0,0.89,0.89,0.0,16282000000.0,10998000000.0,6462000000.0,5176000000.0,5869000000.0,2067000000.0,-495000000.0,-2194000000.0
393,201706,MASTERCARD INCORPORATED,563694,4641369,MA,3053000000.0,1653000000.0,1177000000.0,1.1,1.1,0.0,19839000000.0,12542000000.0,7583000000.0,5177000000.0,5878000000.0,2039000000.0,-1254000000.0,-2452000000.0
396,201709,MASTERCARD INCORPORATED,633617,4487369,MA,3398000000.0,1941000000.0,1430000000.0,1.34,1.34,0.0,20914000000.0,13231000000.0,7984000000.0,5559000000.0,6468000000.0,3794000000.0,-1656000000.0,-3494000000.0
394,201712,MASTERCARD INCORPORATED,508973,3362667,MA,12497000000.0,6622000000.0,3915000000.0,3.67,3.65,0.91,21329000000.0,13797000000.0,8793000000.0,5933000000.0,5497000000.0,5555000000.0,-1779000000.0,-4764000000.0
395,201812,MASTERCARD INCORPORATED,555496,2944587,MA,,,,,,,,,,,,,,
547,201903,MASTERCARD INC,657256,2791487,MA,,,,,,,,,,,,,,
867,201312,MCGRAW HILL FINL INC,424104,5423331,MHFI,4875000000.0,1405000000.0,1376000000.0,5.01,4.91,1.12,6061000000.0,2936000000.0,2372000000.0,1542000000.0,1344000000.0,816000000.0,-130000000.0,-1743000000.0
873,201403,MCGRAW HILL FINL INC,839203,10998735,MHFI,1236000000.0,430000000.0,248000000.0,0.91,0.89,0.3,6011000000.0,2864000000.0,2254000000.0,1531000000.0,1407000000.0,120000000.0,-35000000.0,-96000000.0
869,201406,MCGRAW HILL FINL INC,1038170,12503547,MHFI,1346000000.0,486000000.0,292000000.0,1.08,1.06,0.3,6057000000.0,2993000000.0,2252000000.0,1617000000.0,1489000000.0,459000000.0,-52000000.0,-351000000.0
871,201409,MCGRAW HILL FINL INC,914893,10833547,MHFI,1263000000.0,366000000.0,190000000.0,0.7,0.69,0.3,6270000000.0,3188000000.0,2384000000.0,1918000000.0,1590000000.0,820000000.0,-35000000.0,-401000000.0
877,201412,MCGRAW HILL FINL INC,655706255,7369142,MHFI,5051000000.0,113000000.0,-115000000.0,-0.42,-0.42,1.2,6771000000.0,3966000000.0,3967000000.0,2497000000.0,539000000.0,1209000000.0,-65000000.0,-462000000.0
875,201503,MCGRAW HILL FINL INC,473053,4574980,MHFI,1273000000.0,501000000.0,303000000.0,1.11,1.1,0.33,5448000000.0,2688000000.0,2579000000.0,1176000000.0,589000000.0,-1349000000.0,-19000000.0,220000000.0
879,201506,MCGRAW HILL FINL INC,364215,3625834,MHFI,1342000000.0,582000000.0,353000000.0,1.29,1.28,0.33,6013000000.0,3213000000.0,2240000000.0,1720000000.0,815000000.0,-897000000.0,-37000000.0,293000000.0
562,201409,MOHAWK INDS INC,416605,3090081,MHK,-30607000.0,213693000.0,151266000.0,2.08,2.06,0.0,8701460000.0,3368814000.0,1831357000.0,105569000.0,4576518000.0,323423000.0,-391561000.0,126587000.0
566,201412,MOHAWK INDS INC,383192644,2466482,MHK,-116348000.0,772796000.0,531965000.0,7.3,7.25,0.0,8285544000.0,3132270000.0,1955814000.0,97877000.0,4422813000.0,662188000.0,-565652000.0,-25550000.0
565,201503,MOHAWK INDS INC,363803,1958565,MHK,,,,,,,,,,,,,,
569,201506,MOHAWK INDS INC,373890,1958565,MHK,-26313000.0,43774000.0,22346000.0,0.31,0.3,0.0,8284622000.0,3203819000.0,2891980000.0,107041000.0,4223795000.0,-49646000.0,-109122000.0,175304000.0
567,201509,MOHAWK INDS INC,358390,1971450,MHK,-28000.0,255816000.0,186332000.0,2.54,2.53,0.0,10165670000.0,3608622000.0,3001531000.0,171087000.0,4614882000.0,267519000.0,-1429578000.0,1239013000.0
559,201512,MOHAWK INDS INC,357332,1886750,MHK,8071563000.0,837566000.0,615108000.0,8.37,8.31,0.0,9942364000.0,3249972000.0,3259028000.0,81692000.0,4860863000.0,911873000.0,-1874224000.0,964083000.0
560,201512,MOHAWK INDS INC,357332,1886750,MHK,-7000.0,288734000.0,214874000.0,2.91,2.89,0.0,10064482000.0,3499194000.0,3299784000.0,110716000.0,4755883000.0,656952000.0,-1563785000.0,930506000.0
558,201603,MOHAWK INDS INC,347108,1818269,MHK,,,,,,,,,,,,,,
563,201606,MOHAWK INDS INC,345035,1818269,MHK,2172046000.0,245672000.0,171548000.0,2.32,2.3,0.0,10292315000.0,3470551000.0,3323668000.0,98305000.0,5156578000.0,137760000.0,-140833000.0,13881000.0
564,201609,MOHAWK INDS INC,235766,1176827,MHK,2310336000.0,350692000.0,255188000.0,3.44,3.42,0.0,10312831000.0,3519203000.0,3129734000.0,112049000.0,5385583000.0,549380000.0,-276914000.0,-249308000.0
568,201806,MOHAWK INDS INC,102222,477072,MHK,2577014000.0,326307000.0,196586000.0,2.64,2.62,0.0,12894039000.0,4773680000.0,2736072000.0,518226000.0,7373434000.0,620986000.0,-485860000.0,308029000.0
912,201306,REALOGY HLDGS CORP,379555,7900805,RLGY,,,,,,,,,,,,,,
917,201309,REALOGY HLDGS CORP,516386,12003398,RLGY,,,,,,,,,,,,,,
909,201312,REALOGY HLDGS CORP,614922,12430198,RLGY,5289000000.0,,438000000.0,3.01,2.99,0.0,7326000000.0,917000000.0,911000000.0,236000000.0,2013000000.0,492000000.0,-102000000.0,-530000000.0
913,201403,REALOGY HLDGS CORP,560514,12900198,RLGY,1007000000.0,,-46000000.0,-0.32,-0.32,0.0,7227000000.0,818000000.0,922000000.0,119000000.0,1975000000.0,-110000000.0,-37000000.0,30000000.0
910,201406,REALOGY HLDGS CORP,514851,13652898,RLGY,1512000000.0,,68000000.0,0.47,0.46,0.0,7443000000.0,1033000000.0,889000000.0,209000000.0,2057000000.0,48000000.0,-65000000.0,-10000000.0
911,201409,REALOGY HLDGS CORP,507888,13652898,RLGY,1531000000.0,,100000000.0,0.68,0.68,0.0,7646000000.0,1128000000.0,942000000.0,268000000.0,2165000000.0,271000000.0,-253000000.0,15000000.0
915,201412,REALOGY HLDGS CORP,462984206,10406478,RLGY,5328000000.0,,143000000.0,0.98,0.97,0.0,7538000000.0,1026000000.0,878000000.0,313000000.0,2183000000.0,423000000.0,-298000000.0,-46000000.0
914,201503,REALOGY HLDGS CORP,473287,10406478,RLGY,1062000000.0,,-32000000.0,-0.22,-0.22,0.0,7432000000.0,952000000.0,812000000.0,184000000.0,2158000000.0,-84000000.0,-16000000.0,-28000000.0
918,201506,REALOGY HLDGS CORP,486191,10406478,RLGY,1651000000.0,,97000000.0,0.66,0.66,0.0,7846000000.0,1302000000.0,1530000000.0,359000000.0,2273000000.0,73000000.0,-121000000.0,95000000.0
916,201509,REALOGY HLDGS CORP,36847,979197,RLGY,1668000000.0,,110000000.0,0.75,0.74,0.0,8029000000.0,1431000000.0,1493000000.0,567000000.0,2393000000.0,395000000.0,-171000000.0,32000000.0
919,201312,SBA COMMUNICATIONS CORP,490216,5456548,SBAC,1304866000.0,229645000.0,-55909000.0,-0.44,-0.44,0.0,6783188000.0,343652000.0,747673000.0,122112000.0,356966000.0,497587000.0,-826522000.0,220161000.0
922,201403,SBA COMMUNICATIONS CORP,813532,8943844,SBAC,345550000.0,67136000.0,1407000.0,0.01,0.01,0.0,7791342000.0,516128000.0,756779000.0,322914000.0,396188000.0,178965000.0,-964904000.0,968760000.0
920,201406,SBA COMMUNICATIONS CORP,890085,8700738,SBAC,383420000.0,83317000.0,-9467000.0,-0.07,-0.07,0.0,7564583000.0,314018000.0,1340010000.0,107652000.0,159288000.0,352836000.0,-1044541000.0,658995000.0
921,201409,SBA COMMUNICATIONS CORP,961585,8670738,SBAC,393293000.0,89484000.0,-16624000.0,-0.13,-0.13,0.0,7808992000.0,674386000.0,1346227000.0,450257000.0,-297617000.0,503179000.0,-1181877000.0,990363000.0
924,201412,SBA COMMUNICATIONS CORP,807795054,7293202,SBAC,1526996000.0,336523000.0,-24295000.0,-0.19,-0.19,0.0,7841125000.0,326888000.0,331050000.0,39443000.0,-660800000.0,671643000.0,-1760127000.0,991838000.0
923,201503,SBA COMMUNICATIONS CORP,756545,6460678,SBAC,410094000.0,89086000.0,-79030000.0,-0.61,-0.61,0.0,7527299000.0,325013000.0,286476000.0,62371000.0,-1036787000.0,178408000.0,-121554000.0,-31529000.0
926,201506,SBA COMMUNICATIONS CORP,527061,4584339,SBAC,410704000.0,98163000.0,28305000.0,0.22,0.22,0.0,7751863000.0,344482000.0,314054000.0,69846000.0,-1133232000.0,375532000.0,-436610000.0,93784000.0
925,201509,SBA COMMUNICATIONS CORP,293456,2801753,SBAC,410735000.0,43083000.0,-155946000.0,-1.23,-1.23,0.0,7396757000.0,334871000.0,288267000.0,73271000.0,-1697656000.0,534737000.0,-566731000.0,78513000.0
1042,201803,SBA COMMUNICATIONS CORP NEW,578590,3385152,SBAC,458302000.0,129968000.0,31545000.0,0.27,0.27,0.0,7405082000.0,302780000.0,250928000.0,109350000.0,-2588241000.0,178577000.0,-151597000.0,34049000.0
1043,201806,SBA COMMUNICATIONS CORP NEW,579273,3508194,SBAC,456323000.0,125871000.0,-57391000.0,-0.5,-0.5,0.0,7289378000.0,326876000.0,277810000.0,134651000.0,-3042135000.0,425056000.0,-370155000.0,26717000.0
733,201306,SEARS HLDGS CORP,95669,2273500,SHLD,8452000000.0,-247000000.0,-279000000.0,-2.63,-2.63,0.0,19396000000.0,9451000000.0,8835000000.0,471000000.0,2921000000.0,-713000000.0,-56000000.0,633000000.0
741,201309,SEARS HLDGS CORP,135251,2273500,SHLD,8871000000.0,-51000000.0,-194000000.0,-1.83,-1.83,0.0,19278000000.0,9500000000.0,8960000000.0,671000000.0,2824000000.0,-715000000.0,170000000.0,618000000.0
730,201312,SEARS HLDGS CORP,111492,2273500,SHLD,8272000000.0,-497000000.0,-534000000.0,-5.03,-5.03,0.0,20209000000.0,10528000000.0,9675000000.0,599000000.0,2327000000.0,-1672000000.0,100000000.0,1572000000.0
735,201403,SEARS HLDGS CORP,100013,2584400,SHLD,36188000000.0,-927000000.0,-1365000000.0,-12.87,-12.87,0.0,18261000000.0,8959000000.0,8185000000.0,1028000000.0,2183000000.0,-1109000000.0,664000000.0,902000000.0
731,201406,SEARS HLDGS CORP,100076,2504400,SHLD,7879000000.0,-375000000.0,-402000000.0,-3.79,-3.79,0.0,16930000000.0,8527000000.0,8012000000.0,831000000.0,1462000000.0,-560000000.0,7000000.0,351000000.0
732,201409,SEARS HLDGS CORP,70113,2987500,SHLD,8013000000.0,-514000000.0,-573000000.0,-5.39,-5.39,0.0,16438000000.0,8157000000.0,8178000000.0,829000000.0,919000000.0,-747000000.0,38000000.0,503000000.0
739,201412,SEARS HLDGS CORP,71339038,2163100,SHLD,7207000000.0,-490000000.0,-548000000.0,-5.15,-5.15,0.0,15169000000.0,7591000000.0,8414000000.0,326000000.0,126000000.0,-1942000000.0,76000000.0,1167000000.0
737,201503,SEARS HLDGS CORP,89509,2163100,SHLD,31198000000.0,-1508000000.0,-1682000000.0,-15.82,-15.82,0.0,13209000000.0,5863000000.0,6076000000.0,250000000.0,-945000000.0,-1387000000.0,327000000.0,285000000.0
742,201506,SEARS HLDGS CORP,57755,2163100,SHLD,5882000000.0,-178000000.0,-303000000.0,-2.85,-2.85,0.0,13290000000.0,6063000000.0,6039000000.0,286000000.0,-1182000000.0,-535000000.0,64000000.0,507000000.0
740,201509,SEARS HLDGS CORP,45426,2010000,SHLD,6211000000.0,99000000.0,208000000.0,1.95,1.84,0.0,13186000000.0,7577000000.0,5485000000.0,1819000000.0,-906000000.0,-832000000.0,2592000000.0,-191000000.0
729,201512,SEARS HLDGS CORP,41326,2010000,SHLD,5750000000.0,-382000000.0,-454000000.0,-4.26,-4.26,0.0,12769000000.0,7219000000.0,6518000000.0,294000000.0,-1293000000.0,-2054000000.0,2556000000.0,-458000000.0
594,201603,SEARS HLDS CORP,30773,2010000,SHLD,25146000000.0,-1000000000.0,-1129000000.0,-10.59,-10.59,0.0,11337000000.0,6045000000.0,5438000000.0,238000000.0,-1956000000.0,-2167000000.0,2519000000.0,-364000000.0
734,201606,SEARS HLDGS CORP,47635,3500000,SHLD,5394000000.0,-368000000.0,-471000000.0,-4.41,-4.41,0.0,11175000000.0,6120000000.0,4594000000.0,286000000.0,-2360000000.0,-722000000.0,-2000000.0,772000000.0
736,201609,SEARS HLDGS CORP,40110,3500000,SHLD,5663000000.0,-269000000.0,-395000000.0,-3.7,-3.7,0.0,10614000000.0,5625000000.0,4953000000.0,276000000.0,-2693000000.0,-640000000.0,139000000.0,539000000.0
738,201612,SEARS HLDGS CORP,32515,3500000,SHLD,5029000000.0,-624000000.0,-748000000.0,-6.99,-6.99,0.0,10865000000.0,5966000000.0,5730000000.0,258000000.0,-3375000000.0,-1408000000.0,159000000.0,1269000000.0
234,201509,CONSTELLATION BRANDS INC,586510,4684214,STZ,1912900000.0,479400000.0,302400000.0,2.98,2.87,0.31,15673400000.0,3131500000.0,1212200000.0,329700000.0,6165000000.0,803100000.0,-609000000.0,29300000.0
226,201512,CONSTELLATION BRANDS INC,762195,5350993,STZ,1812400000.0,447300000.0,270500000.0,2.65,2.55,0.31,16156600000.0,3460900000.0,1920800000.0,491300000.0,6596700000.0,1091600000.0,-827700000.0,122200000.0
224,201603,CONSTELLATION BRANDS INC,890860,5896221,STZ,7223800000.0,1765100000.0,1054900000.0,10.34,9.97,1.24,16965000000.0,2977600000.0,2272300000.0,83100000.0,6691800000.0,1413700000.0,-2207400000.0,776000000.0
229,201606,CONSTELLATION BRANDS INC,1102558,6666012,STZ,2053000000.0,552700000.0,318300000.0,3.07,2.98,0.4,17630000000.0,3218500000.0,2698700000.0,167300000.0,6988600000.0,345900000.0,-453900000.0,191900000.0
230,201609,CONSTELLATION BRANDS INC,926799,5566692,STZ,2222800000.0,610900000.0,358900000.0,3.45,3.36,0.4,17717400000.0,3169800000.0,2199600000.0,177300000.0,7174100000.0,1044900000.0,-653600000.0,-297000000.0
231,201612,CONSTELLATION BRANDS INC,978166,6380317,STZ,1992700000.0,534000000.0,405900000.0,3.89,3.8,0.4,18320100000.0,3444800000.0,2636600000.0,197300000.0,6997700000.0,1415700000.0,-1149100000.0,-146400000.0
237,201703,CONSTELLATION BRANDS INC,1176906,7261717,STZ,8061600000.0,2399400000.0,1535100000.0,14.86,14.45,1.6,18602400000.0,3230000000.0,2697600000.0,177400000.0,6884800000.0,1696000000.0,-1461800000.0,-134800000.0
223,201706,CONSTELLATION BRANDS INC,1274119,6576776,STZ,2115300000.0,568100000.0,402800000.0,3.99,3.87,0.52,18959400000.0,3360500000.0,2182400000.0,199100000.0,7397800000.0,381600000.0,-221300000.0,-141600000.0
236,201709,CONSTELLATION BRANDS INC,1411325,7076082,STZ,2297200000.0,713900000.0,499500000.0,4.93,4.79,0.52,19418400000.0,3373400000.0,2090000000.0,125600000.0,7945300000.0,1102900000.0,-640600000.0,-520300000.0
228,201712,CONSTELLATION BRANDS INC,1112932,4869109,STZ,1978900000.0,486800000.0,491100000.0,4.85,4.72,0.52,20107100000.0,3545600000.0,2535900000.0,154500000.0,8009100000.0,1468400000.0,-1038300000.0,-458100000.0
233,201803,CONSTELLATION BRANDS INC,1105205,4849090,STZ,8326800000.0,2284500000.0,2318900000.0,22.97,22.28,2.08,20538700000.0,3474000000.0,1944700000.0,90300000.0,8062700000.0,1931400000.0,-1423100000.0,-601200000.0
235,201806,CONSTELLATION BRANDS INC,848742,3877836,STZ,2230000000.0,625400000.0,743800000.0,7.5,7.25,0.74,23096700000.0,3604800000.0,1990500000.0,210000000.0,10565800000.0,504000000.0,-53500000.0,-329200000.0
225,201809,CONSTELLATION BRANDS INC,929703,4311764,STZ,2525700000.0,765000000.0,1149500000.0,11.66,11.28,0.74,24097500000.0,3585500000.0,2162500000.0,206100000.0,11535200000.0,1338500000.0,-388800000.0,-832900000.0
232,201812,CONSTELLATION BRANDS INC,829856,5160154,STZ,,,,,,,,,,,,,,
227,201903,CONSTELLATION BRANDS INC,864807,4932455,STZ,,,,,,,,,,,,,,
631,201306,TRANSDIGM GROUP INC,400737,2556210,TDG,488636000.0,176724000.0,76655000.0,0.71,0.71,0.0,5812660000.0,1040878000.0,257450000.0,269172000.0,801726000.0,267035000.0,-494841000.0,56400000.0
642,201309,TRANSDIGM GROUP INC,354546,2556210,TDG,1924400000.0,749455000.0,302789000.0,2.39,2.39,34.85,6148879000.0,1320495000.0,322500000.0,564740000.0,-336381000.0,470205000.0,-502442000.0,156195000.0
627,201312,TRANSDIGM GROUP INC,445805,2768629,TDG,529322000.0,210626000.0,86123000.0,1.44,1.44,0.0,6292487000.0,1221093000.0,338649000.0,410924000.0,-234182000.0,115707000.0,-271989000.0,2312000.0
633,201403,TRANSDIGM GROUP INC,191482,1033918,TDG,590761000.0,218494000.0,90355000.0,1.49,1.49,0.0,6399338000.0,1328017000.0,352478000.0,475691000.0,-125629000.0,220488000.0,-312345000.0,2656000.0
629,201406,TRANSDIGM GROUP INC,163814,979395,TDG,610582000.0,239980000.0,16177000.0,-1.66,-1.66,25.0,6710991000.0,1624771000.0,551721000.0,729134000.0,-1591507000.0,349529000.0,-320942000.0,135731000.0
630,201409,TRANSDIGM GROUP INC,329367,1786836,TDG,2372906000.0,927820000.0,306910000.0,3.16,3.16,25.0,6756848000.0,1689576000.0,585907000.0,819548000.0,-1556099000.0,541222000.0,-329638000.0,43973000.0
639,201412,TRANSDIGM GROUP INC,350845249,1786836,TDG,586898000.0,240668000.0,95533000.0,1.63,1.63,0.0,6913572000.0,1876351000.0,645052000.0,1011629000.0,-1464733000.0,188959000.0,-8138000.0,12249000.0
636,201503,TRANSDIGM GROUP INC,484557,2215423,TDG,619030000.0,256561000.0,110894000.0,1.96,1.96,0.0,7226212000.0,1467322000.0,613516000.0,392519000.0,-1326208000.0,182916000.0,-746199000.0,139171000.0
644,201506,TRANSDIGM GROUP INC,497739,2215423,TDG,691395000.0,263696000.0,99112000.0,1.75,1.75,0.0,8350382000.0,2029486000.0,679689000.0,915350000.0,-1169025000.0,373427000.0,-1333797000.0,1058249000.0
641,201509,TRANSDIGM GROUP INC,470578,2215423,TDG,2707115000.0,1074002000.0,447212000.0,7.84,7.84,0.0,8427050000.0,1831962000.0,658215000.0,714033000.0,-1038306000.0,520938000.0,-1679149000.0,1054947000.0
625,201512,TRANSDIGM GROUP INC,496047,2171359,TDG,,,,,,,,,,,,,,
623,201603,TRANSDIGM GROUP INC,466649,2117859,TDG,701695000.0,276041000.0,114901000.0,1.97,1.97,0.0,8329978000.0,1860775000.0,656442000.0,805291000.0,-964270000.0,164130000.0,-10172000.0,-61391000.0
632,201606,TRANSDIGM GROUP INC,627693,2380420,TDG,796801000.0,312075000.0,138627000.0,2.47,2.47,0.0,8359474000.0,1758000000.0,675996000.0,612015000.0,-961818000.0,269160000.0,-166694000.0,-202624000.0
634,201609,TRANSDIGM GROUP INC,650744,2250775,TDG,797692000.0,330642000.0,140597000.0,2.52,2.52,0.0,10570469000.0,2932134000.0,727321000.0,1666695000.0,-808248000.0,444436000.0,-1173013000.0,1681035000.0
635,201609,TRANSDIGM GROUP INC,650744,2250775,TDG,3171411000.0,1267760000.0,586414000.0,10.39,10.39,0.0,10726277000.0,2930697000.0,752603000.0,1586994000.0,-651490000.0,668930000.0,-1443046000.0,1646835000.0
637,201612,TRANSDIGM GROUP INC,504988,2028392,TDG,814018000.0,317009000.0,118871000.0,0.41,0.41,24.0,10037122000.0,2235418000.0,698918000.0,972360000.0,-1874625000.0,225791000.0,-51809000.0,-784717000.0
628,201712,TRANSDIGM GROUP INC,387325,1410402,TDG,847960000.0,353010000.0,314775000.0,4.6,4.6,0.0,10112127000.0,2271333000.0,823421000.0,857862000.0,-2599713000.0,292811000.0,-15290000.0,-70987000.0
640,201803,TRANSDIGM GROUP INC,432909,1410402,TDG,933070000.0,409091000.0,196278000.0,3.63,3.63,0.0,10394677000.0,2470104000.0,812835000.0,1011007000.0,-2309337000.0,453684000.0,-23518000.0,-72008000.0
643,201806,TRANSDIGM GROUP INC,608072,1761813,TDG,980662000.0,437277000.0,217246000.0,3.91,3.91,0.0,11804477000.0,3385402000.0,817170000.0,1853373000.0,-2098480000.0,690910000.0,-574673000.0,1089554000.0
624,201809,TRANSDIGM GROUP INC,656407,1763113,TDG,3811126000.0,1654961000.0,957062000.0,16.28,16.28,0.0,12197467000.0,3657287000.0,900382000.0,2073017000.0,-1808471000.0,1022173000.0,-683577000.0,1085600000.0
638,201812,TRANSDIGM GROUP INC,517748,1522520,TDG,,,,,,,,,,,,,,
626,201903,TRANSDIGM GROUP INC,754192,1661253,TDG,,,,,,,,,,,,,,
747,201306,ULTA SALON COSMETCS & FRAG I,512565,5119504,ULTA,582712000.0,67695000.0,41826000.0,0.66,0.65,0.0,1331577000.0,828615000.0,248067000.0,293214000.0,803724000.0,42835000.0,-42004000.0,-28092000.0
755,201309,ULTA SALON COSMETCS & FRAG I,565993,4737930,ULTA,600998000.0,72868000.0,44911000.0,0.7,0.7,0.0,1391992000.0,846787000.0,232745000.0,286210000.0,860462000.0,84520000.0,-98029000.0,-20756000.0
744,201312,ULTA SALON COSMETCS & FRAG I,464177,4809126,ULTA,618781000.0,72887000.0,45430000.0,0.71,0.7,0.0,1535347000.0,941302000.0,287614000.0,240916000.0,928319000.0,100133000.0,-176966000.0,-2726000.0
749,201403,ULTA SALON COSMETCS & FRAG I,506942,5202611,ULTA,2670573000.0,327588000.0,202849000.0,3.17,3.15,0.0,1602727000.0,1002697000.0,266811000.0,419476000.0,1003094000.0,327725000.0,-226024000.0,-2700000.0
745,201406,ULTA SALON COSMETCS & FRAG I,475571,5202611,ULTA,713770000.0,80881000.0,49953000.0,0.78,0.77,0.0,1699225000.0,1090490000.0,302419000.0,456709000.0,1059756000.0,73693000.0,-39106000.0,2646000.0
746,201409,ULTA SALON COSMETCS & FRAG I,614793,5202611,ULTA,734236000.0,97979000.0,60794000.0,0.94,0.94,0.0,1779812000.0,1127693000.0,300141000.0,363058000.0,1126041000.0,133228000.0,-194243000.0,4597000.0
753,201412,ULTA SALON COSMETCS & FRAG I,427623649,3344991,ULTA,745722000.0,94088000.0,59124000.0,0.92,0.91,0.0,1922759000.0,1230742000.0,369711000.0,295060000.0,1186333000.0,146150000.0,-272498000.0,1932000.0
751,201503,ULTA SALON COSMETCS & FRAG I,373194,2473942,ULTA,3241369000.0,410415000.0,257135000.0,4.0,3.98,0.0,1983170000.0,1260355000.0,359594000.0,389149000.0,1247509000.0,396592000.0,-399276000.0,-27643000.0
756,201506,ULTA SALON COSMETCS & FRAG I,361053,2337670,ULTA,868122000.0,107582000.0,66946000.0,1.04,1.04,0.0,2077951000.0,1325201000.0,383664000.0,386007000.0,1302985000.0,68292000.0,-56622000.0,-14812000.0
754,201509,ULTA SALON COSMETCS & FRAG I,535201,3276408,ULTA,876999000.0,118460000.0,74169000.0,1.16,1.15,0.0,2115910000.0,1316085000.0,370214000.0,325214000.0,1343789000.0,125696000.0,-137218000.0,-52413000.0
743,201512,ULTA SALON COSMETCS & FRAG I,661738,3576964,ULTA,910700000.0,110769000.0,71070000.0,1.11,1.11,0.0,2239998000.0,1388190000.0,457976000.0,209552000.0,1374159000.0,148973000.0,-231909000.0,-96661000.0
645,201603,ULTA SALON COSMETICS & FRAG I,651541,3362968,ULTA,3924116000.0,506297000.0,320008000.0,5.0,4.98,0.0,2230918000.0,1375173000.0,396227000.0,345840000.0,1442886000.0,375874000.0,-278958000.0,-140225000.0
748,201606,ULTA SALON COSMETCS & FRAG I,812024,3332886,ULTA,1073716000.0,147164000.0,91976000.0,1.46,1.45,0.0,2218950000.0,1338417000.0,495734000.0,239254000.0,1319688000.0,166931000.0,-54321000.0,-219196000.0
750,201609,ULTA SALON COSMETCS & FRAG I,702200,2950670,ULTA,1069215000.0,143769000.0,90004000.0,1.44,1.43,0.0,2305788000.0,1376082000.0,492245000.0,194084000.0,1391937000.0,219630000.0,-129595000.0,-241791000.0
752,201612,ULTA SALON COSMETCS & FRAG I,458290,1797638,ULTA,1131232000.0,139661000.0,87562000.0,1.4,1.4,0.0,2551201000.0,1538465000.0,654640000.0,133108000.0,1452084000.0,323018000.0,-261203000.0,-274547000.0
454,201703,ULTA BEAUTY INC,434672,1523935,ULTA,4854737000.0,654824000.0,409760000.0,6.55,6.52,0.0,2551878000.0,1536237000.0,529343000.0,385010000.0,1550218000.0,634685000.0,-273747000.0,-321768000.0
453,201706,ULTA BEAUTY INC,413388,1438673,ULTA,1314879000.0,188405000.0,128223000.0,2.06,2.05,0.0,2707601000.0,1672972000.0,584252000.0,321725000.0,1641657000.0,175744000.0,-196754000.0,-42275000.0
648,201306,VISA INC,241249,1320105,V,3001000000.0,1828000000.0,1225000000.0,4.57,4.55,0.0,35285000000.0,6941000000.0,3671000000.0,1453000000.0,27003000000.0,977000000.0,-1354000000.0,-244000000.0
655,201309,VISA INC,237636,1243515,V,11778000000.0,7239000000.0,4980000000.0,18.42,18.37,0.33,35956000000.0,7822000000.0,4335000000.0,2186000000.0,26870000000.0,3022000000.0,-1164000000.0,-1746000000.0
653,201412,VISA INC,464492282,1771519,V,3382000000.0,2238000000.0,1569000000.0,6.13,6.1,0.0,38884000000.0,9864000000.0,5798000000.0,2085000000.0,27942000000.0,1761000000.0,-636000000.0,-1012000000.0
651,201503,VISA INC,622067,9510268,V,3409000000.0,2281000000.0,1550000000.0,4.2,4.19,0.0,38835000000.0,10105000000.0,5443000000.0,2039000000.0,28237000000.0,2739000000.0,-557000000.0,-2115000000.0
656,201506,VISA INC,597671,8900538,V,3518000000.0,2262000000.0,1697000000.0,4.61,4.6,0.0,39429000000.0,10068000000.0,5789000000.0,2147000000.0,28627000000.0,4850000000.0,-1276000000.0,-3399000000.0
654,201509,VISA INC,680541,9769463,V,13880000000.0,9064000000.0,6328000000.0,17.17,17.13,0.12,40236000000.0,10892000000.0,5374000000.0,3518000000.0,29842000000.0,6584000000.0,-1435000000.0,-3603000000.0
647,201512,VISA INC,990256,12769259,V,3565000000.0,2396000000.0,1941000000.0,5.32,5.32,0.14,54977000000.0,25473000000.0,5357000000.0,12837000000.0,29476000000.0,1979000000.0,-6194000000.0,13534000000.0
646,201603,VISA INC,572480,7485352,V,3626000000.0,2434000000.0,1707000000.0,4.73,4.72,0.0,54326000000.0,24303000000.0,5125000000.0,15943000000.0,29131000000.0,2819000000.0,-1846000000.0,11452000000.0
649,201606,VISA INC,534600,7207771,V,3630000000.0,428000000.0,412000000.0,1.15,1.14,0.0,63867000000.0,14374000000.0,7783000000.0,5887000000.0,32827000000.0,3122000000.0,-10159000000.0,9468000000.0
650,201609,VISA INC,193326,2337675,V,15082000000.0,7883000000.0,5991000000.0,16.53,16.5,0.14,64035000000.0,14313000000.0,8046000000.0,5619000000.0,32912000000.0,5574000000.0,-10916000000.0,7477000000.0
652,201612,VISA INC,511146,6551477,V,4461000000.0,3100000000.0,2070000000.0,5.7,5.69,0.0,63370000000.0,14689000000.0,10341000000.0,5824000000.0,31726000000.0,2508000000.0,-417000000.0,-1730000000.0
657,201703,VISA INC,547956,6165815,V,4477000000.0,2808000000.0,430000000.0,1.2,1.19,0.0,63227000000.0,15505000000.0,10206000000.0,6427000000.0,30783000000.0,2904000000.0,2268000000.0,-4243000000.0
353,201306,VALEANT PHARMACEUTICALS INTL,689717,8012507,VRX,,,,,,,,,,,,,,
380,201309,VALEANT PHARMACEUTICALS INTL,811865,7781707,VRX,,,,,,,,,,,,,,
330,201312,VALEANT PHARMACEUTICALS INTL,910611,7756485,VRX,,,,,,,,,,,,,,
365,201403,VALEANT PHARMACEUTICALS INTL,1162306,8816702,VRX,,,,,,,,,,,,,,
343,201406,VALEANT PHARMACEUTICALS INTL,1272481,10089450,VRX,,,,,,,,,,,,,,
161,201409,VALEANT PHARMACEUTICALS INTL,1441355,10985940,VRX,,,,,,,,,,,,,,
166,201412,VALEANT PHARMACEUTICALS INTL,1180784295,8250886,VRX,,,,,,,,,,,,,,
121,201503,VALEANT PHARMACEUTICALS INTL,1106206,5569460,VRX,,,,,,,,,,,,,,
112,201506,VALEANT PHARMACEUTICALS INTL,1179648,5310143,VRX,,,,,,,,,,,,,,
151,201509,VALEANT PHARMACEUTICALS INTL,1331032,7461780,VRX,,,,,,,,,,,,,,
144,201512,VALEANT PHARMACEUTICALS INTL,592526,5829079,VRX,,,,,,,,,,,,,,
703,201403,WYNN RESORTS LTD,263221,1184878,WYNN,1513613000.0,376831000.0,226896000.0,2.25,2.22,1.25,9113221000.0,3839184000.0,1255325000.0,3273621000.0,320742000.0,209222000.0,17938000.0,612797000.0
701,201406,WYNN RESORTS LTD,429868,2071053,WYNN,1412063000.0,341342000.0,203906000.0,2.02,2.0,1.25,9071342000.0,3618180000.0,1285165000.0,3035111000.0,288165000.0,578093000.0,-254188000.0,275543000.0
702,201409,WYNN RESORTS LTD,524757,2804989,WYNN,1370010000.0,332575000.0,191406000.0,1.9,1.88,1.25,9181699000.0,3470319000.0,1344312000.0,2890878000.0,293415000.0,974128000.0,-565490000.0,48920000.0
705,201412,WYNN RESORTS LTD,42400021,285023,WYNN,5433661000.0,1266278000.0,731554000.0,7.25,7.18,0.0,9062861000.0,2782331000.0,1313165000.0,2182164000.0,211091000.0,1098317000.0,-1114352000.0,-235625000.0
708,201709,WYNN RESORTS LTD,399125,2680127,WYNN,1612331000.0,257327000.0,79767000.0,0.78,0.78,0.5,12427954000.0,3556552000.0,2062058000.0,2935985000.0,398210000.0,1277505000.0,-663159000.0,-128043000.0
700,201712,WYNN RESORTS LTD,214118,1270051,WYNN,6306368000.0,1055565000.0,747181000.0,7.32,7.28,0.0,12681739000.0,3423784000.0,1930290000.0,2804474000.0,1078350000.0,1876577000.0,-957633000.0,-563712000.0
706,201803,WYNN RESORTS LTD,412270,2260749,WYNN,1715578000.0,-81294000.0,-204307000.0,-1.99,-1.99,0.5,12215174000.0,2448299000.0,2098909000.0,2031662000.0,771388000.0,-53646000.0,-408113000.0,-307247000.0
707,201806,WYNN RESORTS LTD,635633,3798454,WYNN,1605424000.0,279572000.0,155756000.0,1.44,1.44,0.75,11816556000.0,1888458000.0,1746819000.0,1445163000.0,1819595000.0,53302000.0,-748418000.0,-658248000.0
698,201809,WYNN RESORTS LTD,756705,5955497,WYNN,1709072000.0,290983000.0,156115000.0,1.44,1.44,0.75,12377491000.0,2336320000.0,2047405000.0,1949253000.0,1540283000.0,497889000.0,-928893000.0,-423720000.0
704,201812,WYNN RESORTS LTD,589058,5955497,WYNN,,,,,,,,,,,,,,
699,201903,WYNN RESORTS LTD,710610,5955497,WYNN,,,,,,,,,,,,,,
